{
  "grpo_step": 17,
  "mean_advantage": 5.587935447692871e-09,
  "mean_answer_reward": 0.05859375,
  "mean_format_reward": 0.4375,
  "mean_group_std": 0.1258624941110611,
  "mean_raw_reward": 0.05859375,
  "mean_response_length": 707.64453125,
  "mean_reward": 0.05859375,
  "num_correct_rollouts": 15,
  "num_rollouts": 256,
  "std_raw_reward": 0.23532283306121826,
  "train_updates": 1
}
