{
  "grpo_step": 12,
  "mean_advantage": 5.587935447692871e-09,
  "mean_answer_reward": 0.07421875,
  "mean_format_reward": 0.37890625,
  "mean_group_std": 0.14256630837917328,
  "mean_raw_reward": 0.07421875,
  "mean_response_length": 787.51953125,
  "mean_reward": 0.07421875,
  "num_correct_rollouts": 19,
  "num_rollouts": 256,
  "std_raw_reward": 0.2626400291919708,
  "train_updates": 1
}
