{
  "elapsed_seconds": 9788.811197301955,
  "grpo_step": 173,
  "mean_advantage": 3.259629011154175e-09,
  "mean_answer_reward": 0.0625,
  "mean_format_reward": 0.31640625,
  "mean_group_std": 0.1054728776216507,
  "mean_raw_reward": 0.0625,
  "mean_response_length": 905.16796875,
  "mean_reward": 0.0625,
  "num_correct_rollouts": 16,
  "num_rollouts": 256,
  "std_raw_reward": 0.24253562092781067,
  "train_updates": 1
}
