{
  "grpo_step": 33,
  "mean_advantage": 9.313225746154785e-09,
  "mean_answer_reward": 0.08203125,
  "mean_format_reward": 0.39453125,
  "mean_group_std": 0.16755038499832153,
  "mean_raw_reward": 0.08203125,
  "mean_response_length": 860.265625,
  "mean_reward": 0.08203125,
  "num_correct_rollouts": 21,
  "num_rollouts": 256,
  "std_raw_reward": 0.274949848651886,
  "train_updates": 4
}
