{
  "elapsed_seconds": 3014.509440585971,
  "grpo_step": 54,
  "mean_advantage": 0.0,
  "mean_answer_reward": 0.01953125,
  "mean_format_reward": 0.45703125,
  "mean_group_std": 0.03998042270541191,
  "mean_raw_reward": 0.01953125,
  "mean_response_length": 672.234375,
  "mean_reward": 0.01953125,
  "num_correct_rollouts": 5,
  "num_rollouts": 256,
  "std_raw_reward": 0.13865379989147186,
  "train_updates": 1
}
