{
  "grpo_step": 46,
  "mean_advantage": 3.4924596548080444e-09,
  "mean_answer_reward": 0.0625,
  "mean_format_reward": 0.28515625,
  "mean_group_std": 0.10771076381206512,
  "mean_raw_reward": 0.0625,
  "mean_response_length": 958.7109375,
  "mean_reward": 0.0625,
  "num_correct_rollouts": 16,
  "num_rollouts": 256,
  "std_raw_reward": 0.24253562092781067,
  "train_updates": 1
}
