{
  "grpo_step": 24,
  "mean_advantage": -1.862645149230957e-09,
  "mean_answer_reward": 0.19140625,
  "mean_format_reward": 0.5234375,
  "mean_group_std": 0.24302664399147034,
  "mean_raw_reward": 0.19140625,
  "mean_response_length": 755.35546875,
  "mean_reward": 0.19140625,
  "num_correct_rollouts": 49,
  "num_rollouts": 256,
  "std_raw_reward": 0.39417868852615356,
  "train_updates": 1
}
