{
  "grpo_step": 17,
  "mean_advantage": 0.0,
  "mean_answer_reward": 0.0703125,
  "mean_format_reward": 0.34765625,
  "mean_group_std": 0.13914892077445984,
  "mean_raw_reward": 0.0703125,
  "mean_response_length": 996.171875,
  "mean_reward": 0.0703125,
  "num_correct_rollouts": 18,
  "num_rollouts": 256,
  "std_raw_reward": 0.2561737596988678,
  "train_updates": 1
}
