{
  "elapsed_seconds": 3553.7157254019985,
  "grpo_step": 63,
  "mean_advantage": 2.0954757928848267e-09,
  "mean_answer_reward": 0.0390625,
  "mean_format_reward": 0.30078125,
  "mean_group_std": 0.11048542708158493,
  "mean_raw_reward": 0.0390625,
  "mean_response_length": 905.828125,
  "mean_reward": 0.0390625,
  "num_correct_rollouts": 10,
  "num_rollouts": 256,
  "std_raw_reward": 0.19412322342395782,
  "train_updates": 1
}
