{
  "grpo_step": 44,
  "mean_advantage": 0.0,
  "mean_answer_reward": 0.03515625,
  "mean_format_reward": 0.30078125,
  "mean_group_std": 0.07654344290494919,
  "mean_raw_reward": 0.03515625,
  "mean_response_length": 1000.40625,
  "mean_reward": 0.03515625,
  "num_correct_rollouts": 9,
  "num_rollouts": 256,
  "std_raw_reward": 0.18453538417816162,
  "train_updates": 1
}
