{
  "grpo_step": 41,
  "mean_advantage": 1.862645149230957e-09,
  "mean_answer_reward": 0.234375,
  "mean_format_reward": 0.66796875,
  "mean_group_std": 0.2987973093986511,
  "mean_raw_reward": 0.234375,
  "mean_response_length": 680.34765625,
  "mean_reward": 0.234375,
  "num_correct_rollouts": 60,
  "num_rollouts": 256,
  "std_raw_reward": 0.42443734407424927,
  "train_updates": 1
}
