{
  "grpo_step": 37,
  "mean_advantage": 2.3283064365386963e-09,
  "mean_answer_reward": 0.21875,
  "mean_format_reward": 0.6015625,
  "mean_group_std": 0.2940531373023987,
  "mean_raw_reward": 0.21875,
  "mean_response_length": 734.46484375,
  "mean_reward": 0.21875,
  "num_correct_rollouts": 56,
  "num_rollouts": 256,
  "std_raw_reward": 0.41420844197273254,
  "train_updates": 1
}
