{
  "elapsed_seconds": 2558.185670639039,
  "grpo_step": 45,
  "mean_advantage": 5.587935447692871e-09,
  "mean_answer_reward": 0.05859375,
  "mean_format_reward": 0.265625,
  "mean_group_std": 0.13520357012748718,
  "mean_raw_reward": 0.05859375,
  "mean_response_length": 929.07421875,
  "mean_reward": 0.05859375,
  "num_correct_rollouts": 15,
  "num_rollouts": 256,
  "std_raw_reward": 0.23532283306121826,
  "train_updates": 1
}
