{
  "elapsed_seconds": 314.8078219050076,
  "grpo_step": 5,
  "mean_advantage": 2.3283064365386963e-09,
  "mean_answer_reward": 0.0546875,
  "mean_format_reward": 0.17578125,
  "mean_group_std": 0.11481393873691559,
  "mean_raw_reward": 0.0546875,
  "mean_response_length": 916.5078125,
  "mean_reward": 0.0546875,
  "num_correct_rollouts": 14,
  "num_rollouts": 256,
  "std_raw_reward": 0.22781464457511902,
  "train_updates": 1
}
