{
  "elapsed_seconds": 1916.792754074966,
  "grpo_step": 33,
  "mean_advantage": 2.7939677238464355e-09,
  "mean_answer_reward": 0.03125,
  "mean_format_reward": 0.171875,
  "mean_group_std": 0.07141613215208054,
  "mean_raw_reward": 0.03125,
  "mean_response_length": 1023.1875,
  "mean_reward": 0.03125,
  "num_correct_rollouts": 8,
  "num_rollouts": 256,
  "std_raw_reward": 0.17433346807956696,
  "train_updates": 1
}
