{
  "grpo_step": 19,
  "mean_advantage": 4.190951585769653e-09,
  "mean_answer_reward": 0.1171875,
  "mean_format_reward": 0.42578125,
  "mean_group_std": 0.1902901977300644,
  "mean_raw_reward": 0.1171875,
  "mean_response_length": 830.453125,
  "mean_reward": 0.1171875,
  "num_correct_rollouts": 30,
  "num_rollouts": 256,
  "std_raw_reward": 0.3222736418247223,
  "train_updates": 1
}
