{
  "grpo_step": 49,
  "mean_advantage": 9.313225746154785e-09,
  "mean_answer_reward": 0.28515625,
  "mean_format_reward": 0.71484375,
  "mean_group_std": 0.3306097984313965,
  "mean_raw_reward": 0.28515625,
  "mean_response_length": 628.23828125,
  "mean_reward": 0.28515625,
  "num_correct_rollouts": 73,
  "num_rollouts": 256,
  "std_raw_reward": 0.4523732364177704,
  "train_updates": 1
}
