{
  "elapsed_seconds": 6599.428556813975,
  "grpo_step": 117,
  "mean_advantage": 2.7939677238464355e-09,
  "mean_answer_reward": 0.0390625,
  "mean_format_reward": 0.21875,
  "mean_group_std": 0.06890984624624252,
  "mean_raw_reward": 0.0390625,
  "mean_response_length": 1029.23046875,
  "mean_reward": 0.0390625,
  "num_correct_rollouts": 10,
  "num_rollouts": 256,
  "std_raw_reward": 0.19412322342395782,
  "train_updates": 1
}
