{
  "grpo_step": 37,
  "mean_advantage": 6.51925802230835e-09,
  "mean_answer_reward": 0.08984375,
  "mean_format_reward": 0.53125,
  "mean_group_std": 0.19306731224060059,
  "mean_raw_reward": 0.08984375,
  "mean_response_length": 641.421875,
  "mean_reward": 0.08984375,
  "num_correct_rollouts": 23,
  "num_rollouts": 256,
  "std_raw_reward": 0.2865179181098938,
  "train_updates": 1
}
