{
  "grpo_step": 43,
  "mean_advantage": 1.1175870895385742e-08,
  "mean_answer_reward": 0.14453125,
  "mean_format_reward": 0.53125,
  "mean_group_std": 0.28577926754951477,
  "mean_raw_reward": 0.14453125,
  "mean_response_length": 537.79296875,
  "mean_reward": 0.14453125,
  "num_correct_rollouts": 37,
  "num_rollouts": 256,
  "std_raw_reward": 0.35231637954711914,
  "train_updates": 1
}
