{
  "grpo_step": 6,
  "mean_advantage": 0.0,
  "mean_answer_reward": 0.06640625,
  "mean_format_reward": 0.2734375,
  "mean_group_std": 0.13349363207817078,
  "mean_raw_reward": 0.06640625,
  "mean_response_length": 1014.38671875,
  "mean_reward": 0.06640625,
  "num_correct_rollouts": 17,
  "num_rollouts": 256,
  "std_raw_reward": 0.24947862327098846,
  "train_updates": 1
}
