{
  "elapsed_seconds": 1823.0371633920004,
  "grpo_step": 32,
  "mean_advantage": 9.313225746154785e-10,
  "mean_answer_reward": 0.07421875,
  "mean_format_reward": 0.30078125,
  "mean_group_std": 0.12046922743320465,
  "mean_raw_reward": 0.07421875,
  "mean_response_length": 916.359375,
  "mean_reward": 0.07421875,
  "num_correct_rollouts": 19,
  "num_rollouts": 256,
  "std_raw_reward": 0.2626400291919708,
  "train_updates": 1
}
