{
  "elapsed_seconds": 758.8306830860092,
  "grpo_step": 13,
  "mean_advantage": 2.0954757928848267e-09,
  "mean_answer_reward": 0.02734375,
  "mean_format_reward": 0.16796875,
  "mean_group_std": 0.07733979821205139,
  "mean_raw_reward": 0.02734375,
  "mean_response_length": 1044.23046875,
  "mean_reward": 0.02734375,
  "num_correct_rollouts": 7,
  "num_rollouts": 256,
  "std_raw_reward": 0.1634024679660797,
  "train_updates": 1
}
