{
  "elapsed_seconds": 3090.4430708400323,
  "grpo_step": 55,
  "mean_advantage": 1.3969838619232178e-09,
  "mean_answer_reward": 0.03515625,
  "mean_format_reward": 0.3125,
  "mean_group_std": 0.07483351975679398,
  "mean_raw_reward": 0.03515625,
  "mean_response_length": 806.31640625,
  "mean_reward": 0.03515625,
  "num_correct_rollouts": 9,
  "num_rollouts": 256,
  "std_raw_reward": 0.18453538417816162,
  "train_updates": 1
}
