{
  "grpo_step": 26,
  "mean_advantage": 1.3969838619232178e-09,
  "mean_answer_reward": 0.04296875,
  "mean_format_reward": 0.4765625,
  "mean_group_std": 0.10456175357103348,
  "mean_raw_reward": 0.04296875,
  "mean_response_length": 651.8984375,
  "mean_reward": 0.04296875,
  "num_correct_rollouts": 11,
  "num_rollouts": 256,
  "std_raw_reward": 0.20318390429019928,
  "train_updates": 1
}
