{
  "elapsed_seconds": 7921.400819646951,
  "grpo_step": 140,
  "mean_advantage": 5.587935447692871e-09,
  "mean_answer_reward": 0.0546875,
  "mean_format_reward": 0.26171875,
  "mean_group_std": 0.12244509160518646,
  "mean_raw_reward": 0.0546875,
  "mean_response_length": 930.37109375,
  "mean_reward": 0.0546875,
  "num_correct_rollouts": 14,
  "num_rollouts": 256,
  "std_raw_reward": 0.22781464457511902,
  "train_updates": 1
}
