{
  "elapsed_seconds": 5006.2817778369645,
  "grpo_step": 92,
  "mean_advantage": 1.3969838619232178e-09,
  "mean_answer_reward": 0.0078125,
  "mean_format_reward": 0.703125,
  "mean_group_std": 0.022097086533904076,
  "mean_raw_reward": 0.0078125,
  "mean_response_length": 388.0859375,
  "mean_reward": 0.0078125,
  "num_correct_rollouts": 2,
  "num_rollouts": 256,
  "std_raw_reward": 0.08821486681699753,
  "train_updates": 1
}
