{
  "elapsed_seconds": 3075.825353886001,
  "grpo_step": 55,
  "mean_advantage": 9.313225746154785e-10,
  "mean_answer_reward": 0.015625,
  "mean_format_reward": 0.4375,
  "mean_group_std": 0.04419417306780815,
  "mean_raw_reward": 0.015625,
  "mean_response_length": 724.890625,
  "mean_reward": 0.015625,
  "num_correct_rollouts": 4,
  "num_rollouts": 256,
  "std_raw_reward": 0.12426253408193588,
  "train_updates": 1
}
