{
  "elapsed_seconds": 10012.424884422973,
  "grpo_step": 177,
  "mean_advantage": 1.862645149230957e-09,
  "mean_answer_reward": 0.046875,
  "mean_format_reward": 0.21484375,
  "mean_group_std": 0.08337578177452087,
  "mean_raw_reward": 0.046875,
  "mean_response_length": 1077.07421875,
  "mean_reward": 0.046875,
  "num_correct_rollouts": 12,
  "num_rollouts": 256,
  "std_raw_reward": 0.21178512275218964,
  "train_updates": 1
}
