{
  "elapsed_seconds": 2541.9316093319794,
  "grpo_step": 44,
  "mean_advantage": 9.313225746154785e-10,
  "mean_answer_reward": 0.01953125,
  "mean_format_reward": 0.15234375,
  "mean_group_std": 0.03998042270541191,
  "mean_raw_reward": 0.01953125,
  "mean_response_length": 976.98046875,
  "mean_reward": 0.01953125,
  "num_correct_rollouts": 5,
  "num_rollouts": 256,
  "std_raw_reward": 0.13865379989147186,
  "train_updates": 1
}
