{
  "elapsed_seconds": 9271.189934250026,
  "grpo_step": 169,
  "mean_advantage": 4.190951585769653e-09,
  "mean_answer_reward": 0.12890625,
  "mean_format_reward": 0.6875,
  "mean_group_std": 0.21542398631572723,
  "mean_raw_reward": 0.12890625,
  "mean_response_length": 586.125,
  "mean_reward": 0.12890625,
  "num_correct_rollouts": 33,
  "num_rollouts": 256,
  "std_raw_reward": 0.33575254678726196,
  "train_updates": 1
}
