{
  "elapsed_seconds": 6248.03729952604,
  "grpo_step": 113,
  "mean_advantage": 1.862645149230957e-09,
  "mean_answer_reward": 0.14453125,
  "mean_format_reward": 0.5078125,
  "mean_group_std": 0.23896260559558868,
  "mean_raw_reward": 0.14453125,
  "mean_response_length": 693.8671875,
  "mean_reward": 0.14453125,
  "num_correct_rollouts": 37,
  "num_rollouts": 256,
  "std_raw_reward": 0.35231637954711914,
  "train_updates": 1
}
