{
  "grpo_step": 36,
  "mean_advantage": 1.862645149230957e-09,
  "mean_answer_reward": 0.140625,
  "mean_format_reward": 0.6015625,
  "mean_group_std": 0.2083183228969574,
  "mean_raw_reward": 0.140625,
  "mean_response_length": 711.52734375,
  "mean_reward": 0.140625,
  "num_correct_rollouts": 36,
  "num_rollouts": 256,
  "std_raw_reward": 0.3483152687549591,
  "train_updates": 1
}
