{
  "elapsed_seconds": 8637.692738359969,
  "grpo_step": 165,
  "mean_advantage": -1.1641532182693481e-10,
  "mean_answer_reward": 0.00390625,
  "mean_format_reward": 0.546875,
  "mean_group_std": 0.011048543266952038,
  "mean_raw_reward": 0.00390625,
  "mean_response_length": 410.37109375,
  "mean_reward": 0.00390625,
  "num_correct_rollouts": 1,
  "num_rollouts": 256,
  "std_raw_reward": 0.0625,
  "train_updates": 1
}
