{
  "elapsed_seconds": 2301.440509189968,
  "grpo_step": 40,
  "mean_advantage": 3.725290298461914e-09,
  "mean_answer_reward": 0.03125,
  "mean_format_reward": 0.17578125,
  "mean_group_std": 0.07312605530023575,
  "mean_raw_reward": 0.03125,
  "mean_response_length": 1061.97265625,
  "mean_reward": 0.03125,
  "num_correct_rollouts": 8,
  "num_rollouts": 256,
  "std_raw_reward": 0.17433346807956696,
  "train_updates": 1
}
