{
  "grpo_step": 6,
  "mean_advantage": 5.122274160385132e-09,
  "mean_answer_reward": 0.08203125,
  "mean_format_reward": 0.26171875,
  "mean_group_std": 0.13835011422634125,
  "mean_raw_reward": 0.08203125,
  "mean_response_length": 1101.40625,
  "mean_reward": 0.08203125,
  "num_correct_rollouts": 21,
  "num_rollouts": 256,
  "std_raw_reward": 0.274949848651886,
  "train_updates": 1
}
