{
  "elapsed_seconds": 6625.077940863033,
  "grpo_step": 120,
  "mean_advantage": 9.313225746154785e-10,
  "mean_answer_reward": 0.078125,
  "mean_format_reward": 0.55859375,
  "mean_group_std": 0.1261245161294937,
  "mean_raw_reward": 0.078125,
  "mean_response_length": 718.3046875,
  "mean_reward": 0.078125,
  "num_correct_rollouts": 20,
  "num_rollouts": 256,
  "std_raw_reward": 0.26889389753341675,
  "train_updates": 1
}
