{
  "grpo_step": 21,
  "mean_advantage": 5.587935447692871e-09,
  "mean_answer_reward": 0.0390625,
  "mean_format_reward": 0.33984375,
  "mean_group_std": 0.10285428166389465,
  "mean_raw_reward": 0.0390625,
  "mean_response_length": 877.02734375,
  "mean_reward": 0.0390625,
  "num_correct_rollouts": 10,
  "num_rollouts": 256,
  "std_raw_reward": 0.19412322342395782,
  "train_updates": 4
}
