{
  "grpo_step": 32,
  "mean_advantage": 0.0,
  "mean_answer_reward": 0.18359375,
  "mean_format_reward": 0.4921875,
  "mean_group_std": 0.20080584287643433,
  "mean_raw_reward": 0.18359375,
  "mean_response_length": 817.234375,
  "mean_reward": 0.18359375,
  "num_correct_rollouts": 47,
  "num_rollouts": 256,
  "std_raw_reward": 0.3879109025001526,
  "train_updates": 1
}
