{
  "grpo_step": 11,
  "mean_advantage": -9.313225746154785e-10,
  "mean_answer_reward": 0.0625,
  "mean_format_reward": 0.2421875,
  "mean_group_std": 0.11705182492733002,
  "mean_raw_reward": 0.0625,
  "mean_response_length": 896.9453125,
  "mean_reward": 0.0625,
  "num_correct_rollouts": 16,
  "num_rollouts": 256,
  "std_raw_reward": 0.24253562092781067,
  "train_updates": 1
}
