{
  "elapsed_seconds": 6766.650668482005,
  "grpo_step": 122,
  "mean_advantage": 3.725290298461914e-09,
  "mean_answer_reward": 0.14453125,
  "mean_format_reward": 0.44921875,
  "mean_group_std": 0.17780011892318726,
  "mean_raw_reward": 0.14453125,
  "mean_response_length": 870.29296875,
  "mean_reward": 0.14453125,
  "num_correct_rollouts": 37,
  "num_rollouts": 256,
  "std_raw_reward": 0.35231637954711914,
  "train_updates": 1
}
