{
  "elapsed_seconds": 3941.7828096449957,
  "grpo_step": 69,
  "mean_advantage": 3.725290298461914e-09,
  "mean_answer_reward": 0.04296875,
  "mean_format_reward": 0.20703125,
  "mean_group_std": 0.10627167671918869,
  "mean_raw_reward": 0.04296875,
  "mean_response_length": 852.84765625,
  "mean_reward": 0.04296875,
  "num_correct_rollouts": 11,
  "num_rollouts": 256,
  "std_raw_reward": 0.20318390429019928,
  "train_updates": 1
}
