{
  "grpo_step": 16,
  "mean_advantage": 0.0,
  "mean_answer_reward": 0.109375,
  "mean_format_reward": 0.43359375,
  "mean_group_std": 0.1847846359014511,
  "mean_raw_reward": 0.109375,
  "mean_response_length": 760.85546875,
  "mean_reward": 0.109375,
  "num_correct_rollouts": 28,
  "num_rollouts": 256,
  "std_raw_reward": 0.31272050738334656,
  "train_updates": 1
}
