{
  "grpo_step": 32,
  "mean_advantage": -9.313225746154785e-10,
  "mean_answer_reward": 0.0703125,
  "mean_format_reward": 0.3046875,
  "mean_group_std": 0.10771076381206512,
  "mean_raw_reward": 0.0703125,
  "mean_response_length": 872.48828125,
  "mean_reward": 0.0703125,
  "num_correct_rollouts": 18,
  "num_rollouts": 256,
  "std_raw_reward": 0.2561737596988678,
  "train_updates": 1
}
