{
  "elapsed_seconds": 3778.6278756730026,
  "grpo_step": 66,
  "mean_advantage": 4.190951585769653e-09,
  "mean_answer_reward": 0.04296875,
  "mean_format_reward": 0.21875,
  "mean_group_std": 0.10627168416976929,
  "mean_raw_reward": 0.04296875,
  "mean_response_length": 841.58984375,
  "mean_reward": 0.04296875,
  "num_correct_rollouts": 11,
  "num_rollouts": 256,
  "std_raw_reward": 0.20318390429019928,
  "train_updates": 1
}
