{
  "elapsed_seconds": 648.7282188649988,
  "grpo_step": 11,
  "mean_advantage": 2.7939677238464355e-09,
  "mean_answer_reward": 0.04296875,
  "mean_format_reward": 0.2109375,
  "mean_group_std": 0.07995839416980743,
  "mean_raw_reward": 0.04296875,
  "mean_response_length": 887.71484375,
  "mean_reward": 0.04296875,
  "num_correct_rollouts": 11,
  "num_rollouts": 256,
  "std_raw_reward": 0.20318390429019928,
  "train_updates": 1
}
