{
  "elapsed_seconds": 4362.857427518,
  "grpo_step": 77,
  "mean_advantage": 3.725290298461914e-09,
  "mean_answer_reward": 0.03125,
  "mean_format_reward": 0.24609375,
  "mean_group_std": 0.06378497928380966,
  "mean_raw_reward": 0.03125,
  "mean_response_length": 940.04296875,
  "mean_reward": 0.03125,
  "num_correct_rollouts": 8,
  "num_rollouts": 256,
  "std_raw_reward": 0.17433346807956696,
  "train_updates": 1
}
