{
  "grpo_step": 41,
  "mean_advantage": 0.0,
  "mean_answer_reward": 0.171875,
  "mean_format_reward": 0.5234375,
  "mean_group_std": 0.26170632243156433,
  "mean_raw_reward": 0.171875,
  "mean_response_length": 748.72265625,
  "mean_reward": 0.171875,
  "num_correct_rollouts": 44,
  "num_rollouts": 256,
  "std_raw_reward": 0.3780107796192169,
  "train_updates": 1
}
