{
  "elapsed_seconds": 6223.004782397009,
  "grpo_step": 110,
  "mean_advantage": 1.862645149230957e-09,
  "mean_answer_reward": 0.01953125,
  "mean_format_reward": 0.21875,
  "mean_group_std": 0.04761157184839249,
  "mean_raw_reward": 0.01953125,
  "mean_response_length": 828.140625,
  "mean_reward": 0.01953125,
  "num_correct_rollouts": 5,
  "num_rollouts": 256,
  "std_raw_reward": 0.13865379989147186,
  "train_updates": 1
}
