{
  "elapsed_seconds": 368.38692574197194,
  "grpo_step": 6,
  "mean_advantage": 5.587935447692871e-09,
  "mean_answer_reward": 0.03515625,
  "mean_format_reward": 0.171875,
  "mean_group_std": 0.08417460322380066,
  "mean_raw_reward": 0.03515625,
  "mean_response_length": 1080.33203125,
  "mean_reward": 0.03515625,
  "num_correct_rollouts": 9,
  "num_rollouts": 256,
  "std_raw_reward": 0.18453538417816162,
  "train_updates": 1
}
