{
  "elapsed_seconds": 5638.001767502981,
  "grpo_step": 100,
  "mean_advantage": 1.862645149230957e-09,
  "mean_answer_reward": 0.0625,
  "mean_format_reward": 0.22265625,
  "mean_group_std": 0.11230766773223877,
  "mean_raw_reward": 0.0625,
  "mean_response_length": 893.31640625,
  "mean_reward": 0.0625,
  "num_correct_rollouts": 16,
  "num_rollouts": 256,
  "std_raw_reward": 0.24253562092781067,
  "train_updates": 1
}
