{
  "elapsed_seconds": 2928.0454360340373,
  "grpo_step": 52,
  "mean_advantage": 6.51925802230835e-09,
  "mean_answer_reward": 0.08984375,
  "mean_format_reward": 0.3671875,
  "mean_group_std": 0.18964746594429016,
  "mean_raw_reward": 0.08984375,
  "mean_response_length": 801.23828125,
  "mean_reward": 0.08984375,
  "num_correct_rollouts": 23,
  "num_rollouts": 256,
  "std_raw_reward": 0.2865179181098938,
  "train_updates": 1
}
