{
  "grpo_step": 17,
  "mean_advantage": 2.561137080192566e-09,
  "mean_answer_reward": 0.0546875,
  "mean_format_reward": 0.3046875,
  "mean_group_std": 0.13941730558872223,
  "mean_raw_reward": 0.0546875,
  "mean_response_length": 989.48046875,
  "mean_reward": 0.0546875,
  "num_correct_rollouts": 14,
  "num_rollouts": 256,
  "std_raw_reward": 0.22781464457511902,
  "train_updates": 4
}
