{
  "grpo_step": 15,
  "mean_advantage": 2.3283064365386963e-09,
  "mean_answer_reward": 0.03515625,
  "mean_format_reward": 0.234375,
  "mean_group_std": 0.09943688660860062,
  "mean_raw_reward": 0.03515625,
  "mean_response_length": 973.87109375,
  "mean_reward": 0.03515625,
  "num_correct_rollouts": 9,
  "num_rollouts": 256,
  "std_raw_reward": 0.18453538417816162,
  "train_updates": 1
}
