{
  "elapsed_seconds": 3299.5750472189975,
  "grpo_step": 58,
  "mean_advantage": 1.862645149230957e-09,
  "mean_answer_reward": 0.0546875,
  "mean_format_reward": 0.2109375,
  "mean_group_std": 0.09206776320934296,
  "mean_raw_reward": 0.0546875,
  "mean_response_length": 977.22265625,
  "mean_reward": 0.0546875,
  "num_correct_rollouts": 14,
  "num_rollouts": 256,
  "std_raw_reward": 0.22781464457511902,
  "train_updates": 1
}
