{
  "elapsed_seconds": 1344.4179712350015,
  "grpo_step": 23,
  "mean_advantage": 4.6566128730773926e-09,
  "mean_answer_reward": 0.046875,
  "mean_format_reward": 0.20703125,
  "mean_group_std": 0.117320217192173,
  "mean_raw_reward": 0.046875,
  "mean_response_length": 918.7265625,
  "mean_reward": 0.046875,
  "num_correct_rollouts": 12,
  "num_rollouts": 256,
  "std_raw_reward": 0.21178512275218964,
  "train_updates": 1
}
