{
  "grpo_step": 26,
  "mean_advantage": 0.0,
  "mean_answer_reward": 0.08984375,
  "mean_format_reward": 0.38671875,
  "mean_group_std": 0.16044719517230988,
  "mean_raw_reward": 0.08984375,
  "mean_response_length": 976.2421875,
  "mean_reward": 0.08984375,
  "num_correct_rollouts": 23,
  "num_rollouts": 256,
  "std_raw_reward": 0.2865179181098938,
  "train_updates": 1
}
