{
  "grpo_step": 20,
  "mean_advantage": 6.51925802230835e-09,
  "mean_answer_reward": 0.0703125,
  "mean_format_reward": 0.30859375,
  "mean_group_std": 0.14966703951358795,
  "mean_raw_reward": 0.0703125,
  "mean_response_length": 863.73828125,
  "mean_reward": 0.0703125,
  "num_correct_rollouts": 18,
  "num_rollouts": 256,
  "std_raw_reward": 0.2561737596988678,
  "train_updates": 1
}
