{
  "elapsed_seconds": 978.0995938240085,
  "grpo_step": 17,
  "mean_advantage": 3.725290298461914e-09,
  "mean_answer_reward": 0.02734375,
  "mean_format_reward": 0.26171875,
  "mean_group_std": 0.062077511101961136,
  "mean_raw_reward": 0.02734375,
  "mean_response_length": 1060.21875,
  "mean_reward": 0.02734375,
  "num_correct_rollouts": 7,
  "num_rollouts": 256,
  "std_raw_reward": 0.1634024679660797,
  "train_updates": 1
}
