{
  "elapsed_seconds": 6051.956151636958,
  "grpo_step": 107,
  "mean_advantage": 3.725290298461914e-09,
  "mean_answer_reward": 0.0625,
  "mean_format_reward": 0.23828125,
  "mean_group_std": 0.1369110345840454,
  "mean_raw_reward": 0.0625,
  "mean_response_length": 903.125,
  "mean_reward": 0.0625,
  "num_correct_rollouts": 16,
  "num_rollouts": 256,
  "std_raw_reward": 0.24253562092781067,
  "train_updates": 1
}
