{
  "elapsed_seconds": 4632.707238851988,
  "grpo_step": 83,
  "mean_advantage": 2.3283064365386963e-10,
  "mean_answer_reward": 0.08984375,
  "mean_format_reward": 0.421875,
  "mean_group_std": 0.17320813238620758,
  "mean_raw_reward": 0.08984375,
  "mean_response_length": 750.16796875,
  "mean_reward": 0.08984375,
  "num_correct_rollouts": 23,
  "num_rollouts": 256,
  "std_raw_reward": 0.2865179181098938,
  "train_updates": 1
}
