{
  "elapsed_seconds": 4818.7250495479675,
  "grpo_step": 85,
  "mean_advantage": 5.587935447692871e-09,
  "mean_answer_reward": 0.046875,
  "mean_format_reward": 0.25,
  "mean_group_std": 0.1173202246427536,
  "mean_raw_reward": 0.046875,
  "mean_response_length": 832.53125,
  "mean_reward": 0.046875,
  "num_correct_rollouts": 12,
  "num_rollouts": 256,
  "std_raw_reward": 0.21178512275218964,
  "train_updates": 1
}
