{
  "grpo_step": 19,
  "mean_advantage": 0.0,
  "mean_answer_reward": 0.05859375,
  "mean_format_reward": 0.26171875,
  "mean_group_std": 0.1275724172592163,
  "mean_raw_reward": 0.05859375,
  "mean_response_length": 877.03515625,
  "mean_reward": 0.05859375,
  "num_correct_rollouts": 15,
  "num_rollouts": 256,
  "std_raw_reward": 0.23532283306121826,
  "train_updates": 1
}
