{
  "grpo_step": 3,
  "mean_advantage": 0.0,
  "mean_answer_reward": 0.046875,
  "mean_format_reward": 0.2265625,
  "mean_group_std": 0.0974610224366188,
  "mean_raw_reward": 0.046875,
  "mean_response_length": 1006.328125,
  "mean_reward": 0.046875,
  "num_correct_rollouts": 12,
  "num_rollouts": 256,
  "std_raw_reward": 0.21178512275218964,
  "train_updates": 1
}
