{
  "elapsed_seconds": 5063.772650620027,
  "grpo_step": 91,
  "mean_advantage": 7.450580596923828e-09,
  "mean_answer_reward": 0.0859375,
  "mean_format_reward": 0.48046875,
  "mean_group_std": 0.18794000148773193,
  "mean_raw_reward": 0.0859375,
  "mean_response_length": 686.18359375,
  "mean_reward": 0.0859375,
  "num_correct_rollouts": 22,
  "num_rollouts": 256,
  "std_raw_reward": 0.28082075715065,
  "train_updates": 1
}
