{
  "elapsed_seconds": 549.9641132699908,
  "grpo_step": 9,
  "mean_advantage": 1.862645149230957e-09,
  "mean_answer_reward": 0.01953125,
  "mean_format_reward": 0.16796875,
  "mean_group_std": 0.03998042270541191,
  "mean_raw_reward": 0.01953125,
  "mean_response_length": 789.0703125,
  "mean_reward": 0.01953125,
  "num_correct_rollouts": 5,
  "num_rollouts": 256,
  "std_raw_reward": 0.13865379989147186,
  "train_updates": 1
}
