{
  "elapsed_seconds": 10536.482763781038,
  "grpo_step": 193,
  "mean_advantage": 3.725290298461914e-09,
  "mean_answer_reward": 0.15625,
  "mean_format_reward": 0.73046875,
  "mean_group_std": 0.24724039435386658,
  "mean_raw_reward": 0.15625,
  "mean_response_length": 563.9375,
  "mean_reward": 0.15625,
  "num_correct_rollouts": 40,
  "num_rollouts": 256,
  "std_raw_reward": 0.3638034462928772,
  "train_updates": 1
}
