{
  "grpo_step": 2,
  "mean_advantage": 3.259629011154175e-09,
  "mean_answer_reward": 0.04296875,
  "mean_format_reward": 0.1953125,
  "mean_group_std": 0.10627168416976929,
  "mean_raw_reward": 0.04296875,
  "mean_response_length": 975.26171875,
  "mean_reward": 0.04296875,
  "num_correct_rollouts": 11,
  "num_rollouts": 256,
  "std_raw_reward": 0.20318390429019928,
  "train_updates": 1
}
