{
  "elapsed_seconds": 8655.380452627956,
  "grpo_step": 153,
  "mean_advantage": -9.313225746154785e-10,
  "mean_answer_reward": 0.05859375,
  "mean_format_reward": 0.21484375,
  "mean_group_std": 0.135203555226326,
  "mean_raw_reward": 0.05859375,
  "mean_response_length": 962.17578125,
  "mean_reward": 0.05859375,
  "num_correct_rollouts": 15,
  "num_rollouts": 256,
  "std_raw_reward": 0.23532283306121826,
  "train_updates": 1
}
