{
  "grpo_step": 43,
  "mean_advantage": 8.381903171539307e-09,
  "mean_answer_reward": 0.11328125,
  "mean_format_reward": 0.43359375,
  "mean_group_std": 0.19701021909713745,
  "mean_raw_reward": 0.11328125,
  "mean_response_length": 659.48046875,
  "mean_reward": 0.11328125,
  "num_correct_rollouts": 29,
  "num_rollouts": 256,
  "std_raw_reward": 0.31755712628364563,
  "train_updates": 4
}
