{
  "elapsed_seconds": 5622.173341873044,
  "grpo_step": 101,
  "mean_advantage": 3.725290298461914e-09,
  "mean_answer_reward": 0.109375,
  "mean_format_reward": 0.51171875,
  "mean_group_std": 0.20805877447128296,
  "mean_raw_reward": 0.109375,
  "mean_response_length": 700.515625,
  "mean_reward": 0.109375,
  "num_correct_rollouts": 28,
  "num_rollouts": 256,
  "std_raw_reward": 0.31272050738334656,
  "train_updates": 1
}
