{
  "grpo_step": 25,
  "mean_advantage": 4.6566128730773926e-09,
  "mean_answer_reward": 0.15234375,
  "mean_format_reward": 0.52734375,
  "mean_group_std": 0.23474639654159546,
  "mean_raw_reward": 0.15234375,
  "mean_response_length": 507.5546875,
  "mean_reward": 0.15234375,
  "num_correct_rollouts": 39,
  "num_rollouts": 256,
  "std_raw_reward": 0.36005768179893494,
  "train_updates": 1
}
