{
  "elapsed_seconds": 9389.152216103976,
  "grpo_step": 166,
  "mean_advantage": 1.862645149230957e-09,
  "mean_answer_reward": 0.0234375,
  "mean_format_reward": 0.23046875,
  "mean_group_std": 0.051028963178396225,
  "mean_raw_reward": 0.0234375,
  "mean_response_length": 905.6953125,
  "mean_reward": 0.0234375,
  "num_correct_rollouts": 6,
  "num_rollouts": 256,
  "std_raw_reward": 0.15158475935459137,
  "train_updates": 1
}
