{
  "elapsed_seconds": 8443.371070772002,
  "grpo_step": 149,
  "mean_advantage": 5.587935447692871e-09,
  "mean_answer_reward": 0.04296875,
  "mean_format_reward": 0.1875,
  "mean_group_std": 0.10627168416976929,
  "mean_raw_reward": 0.04296875,
  "mean_response_length": 966.52734375,
  "mean_reward": 0.04296875,
  "num_correct_rollouts": 11,
  "num_rollouts": 256,
  "std_raw_reward": 0.20318390429019928,
  "train_updates": 1
}
