{
  "elapsed_seconds": 5037.306228315982,
  "grpo_step": 89,
  "mean_advantage": 4.6566128730773926e-09,
  "mean_answer_reward": 0.03515625,
  "mean_format_reward": 0.203125,
  "mean_group_std": 0.08417459577322006,
  "mean_raw_reward": 0.03515625,
  "mean_response_length": 1020.98046875,
  "mean_reward": 0.03515625,
  "num_correct_rollouts": 9,
  "num_rollouts": 256,
  "std_raw_reward": 0.18453538417816162,
  "train_updates": 1
}
