{
  "grpo_step": 10,
  "mean_advantage": 5.820766091346741e-09,
  "mean_answer_reward": 0.05078125,
  "mean_format_reward": 0.40625,
  "mean_group_std": 0.12073762714862823,
  "mean_raw_reward": 0.05078125,
  "mean_response_length": 722.30078125,
  "mean_reward": 0.05078125,
  "num_correct_rollouts": 13,
  "num_rollouts": 256,
  "std_raw_reward": 0.21998077630996704,
  "train_updates": 1
}
