{
  "elapsed_seconds": 4254.372362697963,
  "grpo_step": 75,
  "mean_advantage": 2.7939677238464355e-09,
  "mean_answer_reward": 0.078125,
  "mean_format_reward": 0.23046875,
  "mean_group_std": 0.1337556540966034,
  "mean_raw_reward": 0.078125,
  "mean_response_length": 991.78515625,
  "mean_reward": 0.078125,
  "num_correct_rollouts": 20,
  "num_rollouts": 256,
  "std_raw_reward": 0.26889389753341675,
  "train_updates": 1
}
