{
  "elapsed_seconds": 4736.48767145304,
  "grpo_step": 85,
  "mean_advantage": 3.725290298461914e-09,
  "mean_answer_reward": 0.125,
  "mean_format_reward": 0.45703125,
  "mean_group_std": 0.2217283695936203,
  "mean_raw_reward": 0.125,
  "mean_response_length": 743.9453125,
  "mean_reward": 0.125,
  "num_correct_rollouts": 32,
  "num_rollouts": 256,
  "std_raw_reward": 0.33136674761772156,
  "train_updates": 1
}
