{
  "elapsed_seconds": 10929.453279391979,
  "grpo_step": 193,
  "mean_advantage": 2.7939677238464355e-09,
  "mean_answer_reward": 0.0234375,
  "mean_format_reward": 0.21484375,
  "mean_group_std": 0.0586601160466671,
  "mean_raw_reward": 0.0234375,
  "mean_response_length": 782.8515625,
  "mean_reward": 0.0234375,
  "num_correct_rollouts": 6,
  "num_rollouts": 256,
  "std_raw_reward": 0.15158475935459137,
  "train_updates": 1
}
