{
  "grpo_step": 48,
  "mean_advantage": 1.862645149230957e-09,
  "mean_answer_reward": 0.1015625,
  "mean_format_reward": 0.44140625,
  "mean_group_std": 0.20069600641727448,
  "mean_raw_reward": 0.1015625,
  "mean_response_length": 807.1171875,
  "mean_reward": 0.1015625,
  "num_correct_rollouts": 26,
  "num_rollouts": 256,
  "std_raw_reward": 0.3026638329029083,
  "train_updates": 4
}
