{
  "grpo_step": 7,
  "mean_advantage": 4.6566128730773926e-09,
  "mean_answer_reward": 0.0625,
  "mean_format_reward": 0.2421875,
  "mean_group_std": 0.1462521106004715,
  "mean_raw_reward": 0.0625,
  "mean_response_length": 1039.1171875,
  "mean_reward": 0.0625,
  "num_correct_rollouts": 16,
  "num_rollouts": 256,
  "std_raw_reward": 0.24253562092781067,
  "train_updates": 4
}
