{
  "elapsed_seconds": 9168.997841998993,
  "grpo_step": 162,
  "mean_advantage": 1.862645149230957e-09,
  "mean_answer_reward": 0.015625,
  "mean_format_reward": 0.24609375,
  "mean_group_std": 0.04419417306780815,
  "mean_raw_reward": 0.015625,
  "mean_response_length": 910.9296875,
  "mean_reward": 0.015625,
  "num_correct_rollouts": 4,
  "num_rollouts": 256,
  "std_raw_reward": 0.12426253408193588,
  "train_updates": 1
}
