{
  "elapsed_seconds": 9440.952501913009,
  "grpo_step": 167,
  "mean_advantage": 6.984919309616089e-09,
  "mean_answer_reward": 0.05078125,
  "mean_format_reward": 0.27734375,
  "mean_group_std": 0.10968662053346634,
  "mean_raw_reward": 0.05078125,
  "mean_response_length": 880.2109375,
  "mean_reward": 0.05078125,
  "num_correct_rollouts": 13,
  "num_rollouts": 256,
  "std_raw_reward": 0.21998077630996704,
  "train_updates": 1
}
