{
  "elapsed_seconds": 4000.0080420500017,
  "grpo_step": 70,
  "mean_advantage": 6.51925802230835e-09,
  "mean_answer_reward": 0.0390625,
  "mean_format_reward": 0.23828125,
  "mean_group_std": 0.09522312879562378,
  "mean_raw_reward": 0.0390625,
  "mean_response_length": 1024.00390625,
  "mean_reward": 0.0390625,
  "num_correct_rollouts": 10,
  "num_rollouts": 256,
  "std_raw_reward": 0.19412322342395782,
  "train_updates": 1
}
