{
  "grpo_step": 42,
  "mean_advantage": 0.0,
  "mean_answer_reward": 0.14453125,
  "mean_format_reward": 0.48828125,
  "mean_group_std": 0.20304864645004272,
  "mean_raw_reward": 0.14453125,
  "mean_response_length": 792.92578125,
  "mean_reward": 0.14453125,
  "num_correct_rollouts": 37,
  "num_rollouts": 256,
  "std_raw_reward": 0.35231637954711914,
  "train_updates": 1
}
