{
  "grpo_step": 28,
  "mean_advantage": 4.423782229423523e-09,
  "mean_answer_reward": 0.08203125,
  "mean_format_reward": 0.25,
  "mean_group_std": 0.1646634042263031,
  "mean_raw_reward": 0.08203125,
  "mean_response_length": 1011.9140625,
  "mean_reward": 0.08203125,
  "num_correct_rollouts": 21,
  "num_rollouts": 256,
  "std_raw_reward": 0.274949848651886,
  "train_updates": 1
}
