{
  "elapsed_seconds": 1321.207308045996,
  "grpo_step": 23,
  "mean_advantage": 0.0,
  "mean_answer_reward": 0.046875,
  "mean_format_reward": 0.234375,
  "mean_group_std": 0.10205793380737305,
  "mean_raw_reward": 0.046875,
  "mean_response_length": 784.4140625,
  "mean_reward": 0.046875,
  "num_correct_rollouts": 12,
  "num_rollouts": 256,
  "std_raw_reward": 0.21178512275218964,
  "train_updates": 1
}
