{
  "elapsed_seconds": 10263.821108960954,
  "grpo_step": 181,
  "mean_advantage": 6.51925802230835e-09,
  "mean_answer_reward": 0.0625,
  "mean_format_reward": 0.265625,
  "mean_group_std": 0.12927988171577454,
  "mean_raw_reward": 0.0625,
  "mean_response_length": 935.8671875,
  "mean_reward": 0.0625,
  "num_correct_rollouts": 16,
  "num_rollouts": 256,
  "std_raw_reward": 0.24253562092781067,
  "train_updates": 1
}
