{
  "grpo_step": 8,
  "mean_advantage": 6.05359673500061e-09,
  "mean_answer_reward": 0.046875,
  "mean_format_reward": 0.28515625,
  "mean_group_std": 0.12495137006044388,
  "mean_raw_reward": 0.046875,
  "mean_response_length": 933.30859375,
  "mean_reward": 0.046875,
  "num_correct_rollouts": 12,
  "num_rollouts": 256,
  "std_raw_reward": 0.21178512275218964,
  "train_updates": 4
}
