{
  "grpo_step": 25,
  "mean_advantage": 0.0,
  "mean_answer_reward": 0.1328125,
  "mean_format_reward": 0.5390625,
  "mean_group_std": 0.20304620265960693,
  "mean_raw_reward": 0.1328125,
  "mean_response_length": 668.56640625,
  "mean_reward": 0.1328125,
  "num_correct_rollouts": 34,
  "num_rollouts": 256,
  "std_raw_reward": 0.3400367498397827,
  "train_updates": 1
}
