{
  "grpo_step": 8,
  "mean_advantage": 7.450580596923828e-09,
  "mean_answer_reward": 0.07421875,
  "mean_format_reward": 0.33984375,
  "mean_group_std": 0.16071557998657227,
  "mean_raw_reward": 0.07421875,
  "mean_response_length": 832.0390625,
  "mean_reward": 0.07421875,
  "num_correct_rollouts": 19,
  "num_rollouts": 256,
  "std_raw_reward": 0.2626400291919708,
  "train_updates": 1
}
