{
  "elapsed_seconds": 5984.401141809009,
  "grpo_step": 111,
  "mean_advantage": -1.1641532182693481e-10,
  "mean_answer_reward": 0.00390625,
  "mean_format_reward": 0.74609375,
  "mean_group_std": 0.011048543266952038,
  "mean_raw_reward": 0.00390625,
  "mean_response_length": 363.8828125,
  "mean_reward": 0.00390625,
  "num_correct_rollouts": 1,
  "num_rollouts": 256,
  "std_raw_reward": 0.0625,
  "train_updates": 1
}
