{
  "grpo_step": 15,
  "mean_advantage": 6.05359673500061e-09,
  "mean_answer_reward": 0.1171875,
  "mean_format_reward": 0.421875,
  "mean_group_std": 0.2120065689086914,
  "mean_raw_reward": 0.1171875,
  "mean_response_length": 931.48828125,
  "mean_reward": 0.1171875,
  "num_correct_rollouts": 30,
  "num_rollouts": 256,
  "std_raw_reward": 0.3222736418247223,
  "train_updates": 1
}
