{
  "elapsed_seconds": 1639.8436147189932,
  "grpo_step": 28,
  "mean_advantage": 4.6566128730773926e-09,
  "mean_answer_reward": 0.04296875,
  "mean_format_reward": 0.1796875,
  "mean_group_std": 0.10627168416976929,
  "mean_raw_reward": 0.04296875,
  "mean_response_length": 963.3828125,
  "mean_reward": 0.04296875,
  "num_correct_rollouts": 11,
  "num_rollouts": 256,
  "std_raw_reward": 0.20318390429019928,
  "train_updates": 1
}
