{
  "elapsed_seconds": 7995.11562688899,
  "grpo_step": 152,
  "mean_advantage": 2.7939677238464355e-09,
  "mean_answer_reward": 0.015625,
  "mean_format_reward": 0.66015625,
  "mean_group_std": 0.04419417306780815,
  "mean_raw_reward": 0.015625,
  "mean_response_length": 337.39453125,
  "mean_reward": 0.015625,
  "num_correct_rollouts": 4,
  "num_rollouts": 256,
  "std_raw_reward": 0.12426253408193588,
  "train_updates": 1
}
