{
  "elapsed_seconds": 10594.915642042994,
  "grpo_step": 187,
  "mean_advantage": 3.259629011154175e-09,
  "mean_answer_reward": 0.04296875,
  "mean_format_reward": 0.24609375,
  "mean_group_std": 0.09864053130149841,
  "mean_raw_reward": 0.04296875,
  "mean_response_length": 899.45703125,
  "mean_reward": 0.04296875,
  "num_correct_rollouts": 11,
  "num_rollouts": 256,
  "std_raw_reward": 0.20318390429019928,
  "train_updates": 1
}
