{
  "grpo_step": 11,
  "mean_advantage": 6.984919309616089e-09,
  "mean_answer_reward": 0.08203125,
  "mean_format_reward": 0.33203125,
  "mean_group_std": 0.15820929408073425,
  "mean_raw_reward": 0.08203125,
  "mean_response_length": 875.5859375,
  "mean_reward": 0.08203125,
  "num_correct_rollouts": 21,
  "num_rollouts": 256,
  "std_raw_reward": 0.274949848651886,
  "train_updates": 4
}
