{
  "elapsed_seconds": 4658.14622028498,
  "grpo_step": 82,
  "mean_advantage": 2.7939677238464355e-09,
  "mean_answer_reward": 0.04296875,
  "mean_format_reward": 0.22265625,
  "mean_group_std": 0.09100938588380814,
  "mean_raw_reward": 0.04296875,
  "mean_response_length": 912.2890625,
  "mean_reward": 0.04296875,
  "num_correct_rollouts": 11,
  "num_rollouts": 256,
  "std_raw_reward": 0.20318390429019928,
  "train_updates": 1
}
