{
  "elapsed_seconds": 9502.594090086,
  "grpo_step": 168,
  "mean_advantage": 1.862645149230957e-09,
  "mean_answer_reward": 0.03125,
  "mean_format_reward": 0.19921875,
  "mean_group_std": 0.06549490988254547,
  "mean_raw_reward": 0.03125,
  "mean_response_length": 1016.3984375,
  "mean_reward": 0.03125,
  "num_correct_rollouts": 8,
  "num_rollouts": 256,
  "std_raw_reward": 0.17433346807956696,
  "train_updates": 1
}
