{
  "elapsed_seconds": 3664.0910091940314,
  "grpo_step": 65,
  "mean_advantage": 7.450580596923828e-09,
  "mean_answer_reward": 0.09375,
  "mean_format_reward": 0.38671875,
  "mean_group_std": 0.1947748064994812,
  "mean_raw_reward": 0.09375,
  "mean_response_length": 831.8359375,
  "mean_reward": 0.09375,
  "num_correct_rollouts": 24,
  "num_rollouts": 256,
  "std_raw_reward": 0.2920515537261963,
  "train_updates": 1
}
