{
  "elapsed_seconds": 3833.8924858579994,
  "grpo_step": 67,
  "mean_advantage": -4.656612873077393e-10,
  "mean_answer_reward": 0.01953125,
  "mean_format_reward": 0.22265625,
  "mean_group_std": 0.055242717266082764,
  "mean_raw_reward": 0.01953125,
  "mean_response_length": 1006.234375,
  "mean_reward": 0.01953125,
  "num_correct_rollouts": 5,
  "num_rollouts": 256,
  "std_raw_reward": 0.13865379989147186,
  "train_updates": 1
}
