{
  "elapsed_seconds": 7118.804124265967,
  "grpo_step": 126,
  "mean_advantage": -2.3283064365386963e-09,
  "mean_answer_reward": 0.04296875,
  "mean_format_reward": 0.25390625,
  "mean_group_std": 0.08641248196363449,
  "mean_raw_reward": 0.04296875,
  "mean_response_length": 1004.75390625,
  "mean_reward": 0.04296875,
  "num_correct_rollouts": 11,
  "num_rollouts": 256,
  "std_raw_reward": 0.20318390429019928,
  "train_updates": 1
}
