{
  "grpo_step": 34,
  "mean_advantage": 2.3283064365386963e-09,
  "mean_answer_reward": 0.0859375,
  "mean_format_reward": 0.390625,
  "mean_group_std": 0.15756267309188843,
  "mean_raw_reward": 0.0859375,
  "mean_response_length": 700.01953125,
  "mean_reward": 0.0859375,
  "num_correct_rollouts": 22,
  "num_rollouts": 256,
  "std_raw_reward": 0.28082075715065,
  "train_updates": 1
}
