{
  "elapsed_seconds": 8543.12822775304,
  "grpo_step": 155,
  "mean_advantage": 3.725290298461914e-09,
  "mean_answer_reward": 0.12109375,
  "mean_format_reward": 0.6640625,
  "mean_group_std": 0.1908206045627594,
  "mean_raw_reward": 0.12109375,
  "mean_response_length": 553.23046875,
  "mean_reward": 0.12109375,
  "num_correct_rollouts": 31,
  "num_rollouts": 256,
  "std_raw_reward": 0.326875239610672,
  "train_updates": 1
}
