{
  "elapsed_seconds": 6830.296664411959,
  "grpo_step": 128,
  "mean_advantage": 9.313225746154785e-10,
  "mean_answer_reward": 0.01171875,
  "mean_format_reward": 0.66796875,
  "mean_group_std": 0.02551448345184326,
  "mean_raw_reward": 0.01171875,
  "mean_response_length": 268.19921875,
  "mean_reward": 0.01171875,
  "num_correct_rollouts": 3,
  "num_rollouts": 256,
  "std_raw_reward": 0.1078278198838234,
  "train_updates": 1
}
