{
  "grpo_step": 9,
  "mean_advantage": 4.190951585769653e-09,
  "mean_answer_reward": 0.06640625,
  "mean_format_reward": 0.2109375,
  "mean_group_std": 0.12810038030147552,
  "mean_raw_reward": 0.06640625,
  "mean_response_length": 871.71875,
  "mean_reward": 0.06640625,
  "num_correct_rollouts": 17,
  "num_rollouts": 256,
  "std_raw_reward": 0.24947862327098846,
  "train_updates": 1
}
