{
  "elapsed_seconds": 1861.2936771879904,
  "grpo_step": 32,
  "mean_advantage": -1.1641532182693481e-10,
  "mean_answer_reward": 0.0390625,
  "mean_format_reward": 0.16796875,
  "mean_group_std": 0.0677327960729599,
  "mean_raw_reward": 0.0390625,
  "mean_response_length": 1023.48046875,
  "mean_reward": 0.0390625,
  "num_correct_rollouts": 10,
  "num_rollouts": 256,
  "std_raw_reward": 0.19412322342395782,
  "train_updates": 1
}
