{
  "elapsed_seconds": 7025.410993364989,
  "grpo_step": 132,
  "mean_advantage": 0.0,
  "mean_answer_reward": 0.01171875,
  "mean_format_reward": 0.64453125,
  "mean_group_std": 0.03314562886953354,
  "mean_raw_reward": 0.01171875,
  "mean_response_length": 379.4375,
  "mean_reward": 0.01171875,
  "num_correct_rollouts": 3,
  "num_rollouts": 256,
  "std_raw_reward": 0.1078278198838234,
  "train_updates": 1
}
