{
  "elapsed_seconds": 5361.263147062971,
  "grpo_step": 99,
  "mean_advantage": -1.1641532182693481e-10,
  "mean_answer_reward": 0.00390625,
  "mean_format_reward": 0.6640625,
  "mean_group_std": 0.011048543266952038,
  "mean_raw_reward": 0.00390625,
  "mean_response_length": 484.73828125,
  "mean_reward": 0.00390625,
  "num_correct_rollouts": 1,
  "num_rollouts": 256,
  "std_raw_reward": 0.0625,
  "train_updates": 1
}
