{
  "elapsed_seconds": 5411.424769939971,
  "grpo_step": 100,
  "mean_advantage": 9.313225746154785e-10,
  "mean_answer_reward": 0.01953125,
  "mean_format_reward": 0.7265625,
  "mean_group_std": 0.03998042270541191,
  "mean_raw_reward": 0.01953125,
  "mean_response_length": 417.69140625,
  "mean_reward": 0.01953125,
  "num_correct_rollouts": 5,
  "num_rollouts": 256,
  "std_raw_reward": 0.13865379989147186,
  "train_updates": 1
}
