{
  "grpo_step": 38,
  "mean_advantage": 0.0,
  "mean_answer_reward": 0.11328125,
  "mean_format_reward": 0.47265625,
  "mean_group_std": 0.1616242527961731,
  "mean_raw_reward": 0.11328125,
  "mean_response_length": 770.29296875,
  "mean_reward": 0.11328125,
  "num_correct_rollouts": 29,
  "num_rollouts": 256,
  "std_raw_reward": 0.31755712628364563,
  "train_updates": 1
}
