{
  "grpo_step": 22,
  "mean_advantage": 0.0,
  "mean_answer_reward": 0.12109375,
  "mean_format_reward": 0.44140625,
  "mean_group_std": 0.18398581445217133,
  "mean_raw_reward": 0.12109375,
  "mean_response_length": 878.8125,
  "mean_reward": 0.12109375,
  "num_correct_rollouts": 31,
  "num_rollouts": 256,
  "std_raw_reward": 0.326875239610672,
  "train_updates": 1
}
