{
  "elapsed_seconds": 8168.728776272968,
  "grpo_step": 144,
  "mean_advantage": 9.313225746154785e-10,
  "mean_answer_reward": 0.0390625,
  "mean_format_reward": 0.23046875,
  "mean_group_std": 0.07061977684497833,
  "mean_raw_reward": 0.0390625,
  "mean_response_length": 1058.33203125,
  "mean_reward": 0.0390625,
  "num_correct_rollouts": 10,
  "num_rollouts": 256,
  "std_raw_reward": 0.19412322342395782,
  "train_updates": 1
}
