{
  "grpo_step": 29,
  "mean_advantage": 8.381903171539307e-09,
  "mean_answer_reward": 0.06640625,
  "mean_format_reward": 0.3046875,
  "mean_group_std": 0.1462496519088745,
  "mean_raw_reward": 0.06640625,
  "mean_response_length": 871.078125,
  "mean_reward": 0.06640625,
  "num_correct_rollouts": 17,
  "num_rollouts": 256,
  "std_raw_reward": 0.24947862327098846,
  "train_updates": 1
}
