{
  "elapsed_seconds": 5999.862463435973,
  "grpo_step": 106,
  "mean_advantage": 2.7939677238464355e-09,
  "mean_answer_reward": 0.05078125,
  "mean_format_reward": 0.2265625,
  "mean_group_std": 0.09153734892606735,
  "mean_raw_reward": 0.05078125,
  "mean_response_length": 915.84375,
  "mean_reward": 0.05078125,
  "num_correct_rollouts": 13,
  "num_rollouts": 256,
  "std_raw_reward": 0.21998077630996704,
  "train_updates": 1
}
