{
  "elapsed_seconds": 3020.434230245999,
  "grpo_step": 53,
  "mean_advantage": 2.7939677238464355e-09,
  "mean_answer_reward": 0.0625,
  "mean_format_reward": 0.234375,
  "mean_group_std": 0.13098980486392975,
  "mean_raw_reward": 0.0625,
  "mean_response_length": 767.3125,
  "mean_reward": 0.0625,
  "num_correct_rollouts": 16,
  "num_rollouts": 256,
  "std_raw_reward": 0.24253562092781067,
  "train_updates": 1
}
