{
  "elapsed_seconds": 5826.493506117957,
  "grpo_step": 103,
  "mean_advantage": 5.587935447692871e-09,
  "mean_answer_reward": 0.03515625,
  "mean_format_reward": 0.19921875,
  "mean_group_std": 0.09180573374032974,
  "mean_raw_reward": 0.03515625,
  "mean_response_length": 881.6015625,
  "mean_reward": 0.03515625,
  "num_correct_rollouts": 9,
  "num_rollouts": 256,
  "std_raw_reward": 0.18453538417816162,
  "train_updates": 1
}
