{
  "elapsed_seconds": 8493.388960079988,
  "grpo_step": 150,
  "mean_advantage": 3.4924596548080444e-09,
  "mean_answer_reward": 0.02734375,
  "mean_format_reward": 0.1875,
  "mean_group_std": 0.07733979821205139,
  "mean_raw_reward": 0.02734375,
  "mean_response_length": 1056.0078125,
  "mean_reward": 0.02734375,
  "num_correct_rollouts": 7,
  "num_rollouts": 256,
  "std_raw_reward": 0.1634024679660797,
  "train_updates": 1
}
