{
  "grpo_step": 25,
  "mean_advantage": 3.725290298461914e-09,
  "mean_answer_reward": 0.0703125,
  "mean_format_reward": 0.296875,
  "mean_group_std": 0.1742704063653946,
  "mean_raw_reward": 0.0703125,
  "mean_response_length": 736.04296875,
  "mean_reward": 0.0703125,
  "num_correct_rollouts": 18,
  "num_rollouts": 256,
  "std_raw_reward": 0.2561737596988678,
  "train_updates": 1
}
