{
  "elapsed_seconds": 7454.371242034016,
  "grpo_step": 135,
  "mean_advantage": 4.6566128730773926e-09,
  "mean_answer_reward": 0.0859375,
  "mean_format_reward": 0.5078125,
  "mean_group_std": 0.16808080673217773,
  "mean_raw_reward": 0.0859375,
  "mean_response_length": 791.0546875,
  "mean_reward": 0.0859375,
  "num_correct_rollouts": 22,
  "num_rollouts": 256,
  "std_raw_reward": 0.28082075715065,
  "train_updates": 1
}
