{
  "grpo_step": 46,
  "mean_advantage": 3.725290298461914e-09,
  "mean_answer_reward": 0.1015625,
  "mean_format_reward": 0.4140625,
  "mean_group_std": 0.18083681166172028,
  "mean_raw_reward": 0.1015625,
  "mean_response_length": 702.21484375,
  "mean_reward": 0.1015625,
  "num_correct_rollouts": 26,
  "num_rollouts": 256,
  "std_raw_reward": 0.3026638329029083,
  "train_updates": 4
}
