{
  "grpo_step": 29,
  "mean_advantage": 5.587935447692871e-09,
  "mean_answer_reward": 0.109375,
  "mean_format_reward": 0.5234375,
  "mean_group_std": 0.20042762160301208,
  "mean_raw_reward": 0.109375,
  "mean_response_length": 620.59375,
  "mean_reward": 0.109375,
  "num_correct_rollouts": 28,
  "num_rollouts": 256,
  "std_raw_reward": 0.31272050738334656,
  "train_updates": 1
}
