{
  "elapsed_seconds": 5492.21824048704,
  "grpo_step": 99,
  "mean_advantage": 9.313225746154785e-10,
  "mean_answer_reward": 0.12109375,
  "mean_format_reward": 0.42578125,
  "mean_group_std": 0.16899190843105316,
  "mean_raw_reward": 0.12109375,
  "mean_response_length": 792.6875,
  "mean_reward": 0.12109375,
  "num_correct_rollouts": 31,
  "num_rollouts": 256,
  "std_raw_reward": 0.326875239610672,
  "train_updates": 1
}
