{
  "elapsed_seconds": 5474.618045362993,
  "grpo_step": 101,
  "mean_advantage": 9.313225746154785e-10,
  "mean_answer_reward": 0.01171875,
  "mean_format_reward": 0.70703125,
  "mean_group_std": 0.02551448345184326,
  "mean_raw_reward": 0.01171875,
  "mean_response_length": 407.6640625,
  "mean_reward": 0.01171875,
  "num_correct_rollouts": 3,
  "num_rollouts": 256,
  "std_raw_reward": 0.1078278198838234,
  "train_updates": 1
}
