{
  "grpo_step": 32,
  "mean_advantage": 9.313225746154785e-09,
  "mean_answer_reward": 0.109375,
  "mean_format_reward": 0.58984375,
  "mean_group_std": 0.18623006343841553,
  "mean_raw_reward": 0.109375,
  "mean_response_length": 549.44921875,
  "mean_reward": 0.109375,
  "num_correct_rollouts": 28,
  "num_rollouts": 256,
  "std_raw_reward": 0.31272050738334656,
  "train_updates": 1
}
