{
  "grpo_step": 5,
  "mean_advantage": 6.51925802230835e-09,
  "mean_answer_reward": 0.09375,
  "mean_format_reward": 0.31640625,
  "mean_group_std": 0.17794981598854065,
  "mean_raw_reward": 0.09375,
  "mean_response_length": 772.765625,
  "mean_reward": 0.09375,
  "num_correct_rollouts": 24,
  "num_rollouts": 256,
  "std_raw_reward": 0.2920515537261963,
  "train_updates": 1
}
