{
  "elapsed_seconds": 2036.094178069965,
  "grpo_step": 35,
  "mean_advantage": 9.313225746154785e-10,
  "mean_answer_reward": 0.0234375,
  "mean_format_reward": 0.1796875,
  "mean_group_std": 0.06629125773906708,
  "mean_raw_reward": 0.0234375,
  "mean_response_length": 864.3203125,
  "mean_reward": 0.0234375,
  "num_correct_rollouts": 6,
  "num_rollouts": 256,
  "std_raw_reward": 0.15158475935459137,
  "train_updates": 1
}
