{
  "elapsed_seconds": 3131.960912969953,
  "grpo_step": 55,
  "mean_advantage": 1.862645149230957e-09,
  "mean_answer_reward": 0.03125,
  "mean_format_reward": 0.23828125,
  "mean_group_std": 0.07312605530023575,
  "mean_raw_reward": 0.03125,
  "mean_response_length": 896.08203125,
  "mean_reward": 0.03125,
  "num_correct_rollouts": 8,
  "num_rollouts": 256,
  "std_raw_reward": 0.17433346807956696,
  "train_updates": 1
}
