{
  "elapsed_seconds": 3668.1480106609524,
  "grpo_step": 64,
  "mean_advantage": 4.6566128730773926e-09,
  "mean_answer_reward": 0.0390625,
  "mean_format_reward": 0.203125,
  "mean_group_std": 0.10285428911447525,
  "mean_raw_reward": 0.0390625,
  "mean_response_length": 904.96875,
  "mean_reward": 0.0390625,
  "num_correct_rollouts": 10,
  "num_rollouts": 256,
  "std_raw_reward": 0.19412322342395782,
  "train_updates": 1
}
