{
  "elapsed_seconds": 2963.031729426002,
  "grpo_step": 53,
  "mean_advantage": 1.862645149230957e-09,
  "mean_answer_reward": 0.0234375,
  "mean_format_reward": 0.41015625,
  "mean_group_std": 0.0586601123213768,
  "mean_raw_reward": 0.0234375,
  "mean_response_length": 628.3359375,
  "mean_reward": 0.0234375,
  "num_correct_rollouts": 6,
  "num_rollouts": 256,
  "std_raw_reward": 0.15158475935459137,
  "train_updates": 1
}
