{
  "grpo_step": 21,
  "mean_advantage": 1.862645149230957e-09,
  "mean_answer_reward": 0.05859375,
  "mean_format_reward": 0.43359375,
  "mean_group_std": 0.10771320760250092,
  "mean_raw_reward": 0.05859375,
  "mean_response_length": 750.54296875,
  "mean_reward": 0.05859375,
  "num_correct_rollouts": 15,
  "num_rollouts": 256,
  "std_raw_reward": 0.23532283306121826,
  "train_updates": 1
}
