{
  "elapsed_seconds": 6656.71903701697,
  "grpo_step": 118,
  "mean_advantage": 5.587935447692871e-09,
  "mean_answer_reward": 0.06640625,
  "mean_format_reward": 0.21875,
  "mean_group_std": 0.14966949820518494,
  "mean_raw_reward": 0.06640625,
  "mean_response_length": 895.5859375,
  "mean_reward": 0.06640625,
  "num_correct_rollouts": 17,
  "num_rollouts": 256,
  "std_raw_reward": 0.24947862327098846,
  "train_updates": 1
}
