{
  "grpo_step": 45,
  "mean_advantage": 0.0,
  "mean_answer_reward": 0.12109375,
  "mean_format_reward": 0.53125,
  "mean_group_std": 0.2211979627609253,
  "mean_raw_reward": 0.12109375,
  "mean_response_length": 902.45703125,
  "mean_reward": 0.12109375,
  "num_correct_rollouts": 31,
  "num_rollouts": 256,
  "std_raw_reward": 0.326875239610672,
  "train_updates": 1
}
