{
  "grpo_step": 3,
  "mean_advantage": 0.0,
  "mean_answer_reward": 0.03125,
  "mean_format_reward": 0.23828125,
  "mean_group_std": 0.07141612470149994,
  "mean_raw_reward": 0.03125,
  "mean_response_length": 1069.609375,
  "mean_reward": 0.03125,
  "num_correct_rollouts": 8,
  "num_rollouts": 256,
  "std_raw_reward": 0.17433346807956696,
  "train_updates": 1
}
