{
  "elapsed_seconds": 6324.754183185985,
  "grpo_step": 112,
  "mean_advantage": 4.656612873077393e-10,
  "mean_answer_reward": 0.05078125,
  "mean_format_reward": 0.2421875,
  "mean_group_std": 0.077071413397789,
  "mean_raw_reward": 0.05078125,
  "mean_response_length": 867.171875,
  "mean_reward": 0.05078125,
  "num_correct_rollouts": 13,
  "num_rollouts": 256,
  "std_raw_reward": 0.21998077630996704,
  "train_updates": 1
}
