{
  "elapsed_seconds": 2661.180486620986,
  "grpo_step": 47,
  "mean_advantage": 6.51925802230835e-09,
  "mean_answer_reward": 0.078125,
  "mean_format_reward": 0.3828125,
  "mean_group_std": 0.14966703951358795,
  "mean_raw_reward": 0.078125,
  "mean_response_length": 714.03515625,
  "mean_reward": 0.078125,
  "num_correct_rollouts": 20,
  "num_rollouts": 256,
  "std_raw_reward": 0.26889389753341675,
  "train_updates": 1
}
