{
  "grpo_step": 31,
  "mean_advantage": -1.862645149230957e-09,
  "mean_answer_reward": 0.17578125,
  "mean_format_reward": 0.55859375,
  "mean_group_std": 0.22039666771888733,
  "mean_raw_reward": 0.17578125,
  "mean_response_length": 762.3515625,
  "mean_reward": 0.17578125,
  "num_correct_rollouts": 45,
  "num_rollouts": 256,
  "std_raw_reward": 0.38137954473495483,
  "train_updates": 1
}
