{
  "elapsed_seconds": 9540.93898046302,
  "grpo_step": 174,
  "mean_advantage": 5.587935447692871e-09,
  "mean_answer_reward": 0.140625,
  "mean_format_reward": 0.65625,
  "mean_group_std": 0.23448437452316284,
  "mean_raw_reward": 0.140625,
  "mean_response_length": 655.84375,
  "mean_reward": 0.140625,
  "num_correct_rollouts": 36,
  "num_rollouts": 256,
  "std_raw_reward": 0.3483152687549591,
  "train_updates": 1
}
