{
  "grpo_step": 17,
  "mean_advantage": 5.587935447692871e-09,
  "mean_answer_reward": 0.08984375,
  "mean_format_reward": 0.375,
  "mean_group_std": 0.16215713322162628,
  "mean_raw_reward": 0.08984375,
  "mean_response_length": 1048.6328125,
  "mean_reward": 0.08984375,
  "num_correct_rollouts": 23,
  "num_rollouts": 256,
  "std_raw_reward": 0.2865179181098938,
  "train_updates": 1
}
