{
  "grpo_step": 25,
  "mean_advantage": -9.313225746154785e-10,
  "mean_answer_reward": 0.046875,
  "mean_format_reward": 0.3984375,
  "mean_group_std": 0.0974610298871994,
  "mean_raw_reward": 0.046875,
  "mean_response_length": 826.5234375,
  "mean_reward": 0.046875,
  "num_correct_rollouts": 12,
  "num_rollouts": 256,
  "std_raw_reward": 0.21178512275218964,
  "train_updates": 4
}
