{
  "elapsed_seconds": 1296.7577833389514,
  "grpo_step": 22,
  "mean_advantage": 2.7939677238464355e-09,
  "mean_answer_reward": 0.0390625,
  "mean_format_reward": 0.19921875,
  "mean_group_std": 0.10285428166389465,
  "mean_raw_reward": 0.0390625,
  "mean_response_length": 1012.3125,
  "mean_reward": 0.0390625,
  "num_correct_rollouts": 10,
  "num_rollouts": 256,
  "std_raw_reward": 0.19412322342395782,
  "train_updates": 1
}
