{
  "elapsed_seconds": 3612.824706567975,
  "grpo_step": 63,
  "mean_advantage": 0.0,
  "mean_answer_reward": 0.0234375,
  "mean_format_reward": 0.19140625,
  "mean_group_std": 0.06629125773906708,
  "mean_raw_reward": 0.0234375,
  "mean_response_length": 1011.09375,
  "mean_reward": 0.0234375,
  "num_correct_rollouts": 6,
  "num_rollouts": 256,
  "std_raw_reward": 0.15158475935459137,
  "train_updates": 1
}
