{
  "grpo_step": 40,
  "mean_advantage": 6.868503987789154e-09,
  "mean_answer_reward": 0.1171875,
  "mean_format_reward": 0.41015625,
  "mean_group_std": 0.18884865939617157,
  "mean_raw_reward": 0.1171875,
  "mean_response_length": 642.90625,
  "mean_reward": 0.1171875,
  "num_correct_rollouts": 30,
  "num_rollouts": 256,
  "std_raw_reward": 0.3222736418247223,
  "train_updates": 4
}
