{
  "elapsed_seconds": 8976.344027751009,
  "grpo_step": 163,
  "mean_advantage": 6.984919309616089e-09,
  "mean_answer_reward": 0.13671875,
  "mean_format_reward": 0.59375,
  "mean_group_std": 0.2202843725681305,
  "mean_raw_reward": 0.13671875,
  "mean_response_length": 690.46484375,
  "mean_reward": 0.13671875,
  "num_correct_rollouts": 35,
  "num_rollouts": 256,
  "std_raw_reward": 0.34422317147254944,
  "train_updates": 1
}
