{
  "grpo_step": 47,
  "mean_advantage": 0.0,
  "mean_answer_reward": 0.17578125,
  "mean_format_reward": 0.62109375,
  "mean_group_std": 0.24264594912528992,
  "mean_raw_reward": 0.17578125,
  "mean_response_length": 646.15234375,
  "mean_reward": 0.17578125,
  "num_correct_rollouts": 45,
  "num_rollouts": 256,
  "std_raw_reward": 0.38137954473495483,
  "train_updates": 1
}
