{
  "elapsed_seconds": 10184.075462253008,
  "grpo_step": 180,
  "mean_advantage": 2.7939677238464355e-09,
  "mean_answer_reward": 0.046875,
  "mean_format_reward": 0.27734375,
  "mean_group_std": 0.08982987701892853,
  "mean_raw_reward": 0.046875,
  "mean_response_length": 901.73046875,
  "mean_reward": 0.046875,
  "num_correct_rollouts": 12,
  "num_rollouts": 256,
  "std_raw_reward": 0.21178512275218964,
  "train_updates": 1
}
