{
  "grpo_step": 50,
  "mean_advantage": 4.6566128730773926e-09,
  "mean_answer_reward": 0.14453125,
  "mean_format_reward": 0.39453125,
  "mean_group_std": 0.21265321969985962,
  "mean_raw_reward": 0.14453125,
  "mean_response_length": 832.8671875,
  "mean_reward": 0.14453125,
  "num_correct_rollouts": 37,
  "num_rollouts": 256,
  "std_raw_reward": 0.35231637954711914,
  "train_updates": 1
}
