{
  "elapsed_seconds": 7227.546316477004,
  "grpo_step": 128,
  "mean_advantage": 3.725290298461914e-09,
  "mean_answer_reward": 0.078125,
  "mean_format_reward": 0.24609375,
  "mean_group_std": 0.14309673011302948,
  "mean_raw_reward": 0.078125,
  "mean_response_length": 945.58203125,
  "mean_reward": 0.078125,
  "num_correct_rollouts": 20,
  "num_rollouts": 256,
  "std_raw_reward": 0.26889389753341675,
  "train_updates": 1
}
