{
  "elapsed_seconds": 649.4435914669884,
  "grpo_step": 11,
  "mean_advantage": 5.122274160385132e-09,
  "mean_answer_reward": 0.05078125,
  "mean_format_reward": 0.2734375,
  "mean_group_std": 0.11139654368162155,
  "mean_raw_reward": 0.05078125,
  "mean_response_length": 811.79296875,
  "mean_reward": 0.05078125,
  "num_correct_rollouts": 13,
  "num_rollouts": 256,
  "std_raw_reward": 0.21998077630996704,
  "train_updates": 1
}
