{
  "grpo_step": 20,
  "mean_advantage": 3.725290298461914e-09,
  "mean_answer_reward": 0.13671875,
  "mean_format_reward": 0.5546875,
  "mean_group_std": 0.2497491091489792,
  "mean_raw_reward": 0.13671875,
  "mean_response_length": 627.07421875,
  "mean_reward": 0.13671875,
  "num_correct_rollouts": 35,
  "num_rollouts": 256,
  "std_raw_reward": 0.34422317147254944,
  "train_updates": 1
}
