{
  "grpo_step": 7,
  "mean_advantage": 0.0,
  "mean_answer_reward": 0.0390625,
  "mean_format_reward": 0.26953125,
  "mean_group_std": 0.0875919908285141,
  "mean_raw_reward": 0.0390625,
  "mean_response_length": 977.453125,
  "mean_reward": 0.0390625,
  "num_correct_rollouts": 10,
  "num_rollouts": 256,
  "std_raw_reward": 0.19412322342395782,
  "train_updates": 1
}
