{
  "elapsed_seconds": 1431.2751381550333,
  "grpo_step": 25,
  "mean_advantage": 7.2177499532699585e-09,
  "mean_answer_reward": 0.0625,
  "mean_format_reward": 0.33203125,
  "mean_group_std": 0.1462520956993103,
  "mean_raw_reward": 0.0625,
  "mean_response_length": 738.80078125,
  "mean_reward": 0.0625,
  "num_correct_rollouts": 16,
  "num_rollouts": 256,
  "std_raw_reward": 0.24253562092781067,
  "train_updates": 1
}
