{
  "grpo_step": 15,
  "mean_advantage": 0.0,
  "mean_answer_reward": 0.09375,
  "mean_format_reward": 0.4140625,
  "mean_group_std": 0.1638646125793457,
  "mean_raw_reward": 0.09375,
  "mean_response_length": 924.1171875,
  "mean_reward": 0.09375,
  "num_correct_rollouts": 24,
  "num_rollouts": 256,
  "std_raw_reward": 0.2920515537261963,
  "train_updates": 1
}
