{
  "elapsed_seconds": 9591.628991717997,
  "grpo_step": 175,
  "mean_advantage": 0.0,
  "mean_answer_reward": 0.17578125,
  "mean_format_reward": 0.6328125,
  "mean_group_std": 0.26223674416542053,
  "mean_raw_reward": 0.17578125,
  "mean_response_length": 635.69140625,
  "mean_reward": 0.17578125,
  "num_correct_rollouts": 45,
  "num_rollouts": 256,
  "std_raw_reward": 0.38137954473495483,
  "train_updates": 1
}
