{
  "grpo_step": 14,
  "mean_advantage": 0.0,
  "mean_answer_reward": 0.05078125,
  "mean_format_reward": 0.3671875,
  "mean_group_std": 0.1266588419675827,
  "mean_raw_reward": 0.05078125,
  "mean_response_length": 942.78515625,
  "mean_reward": 0.05078125,
  "num_correct_rollouts": 13,
  "num_rollouts": 256,
  "std_raw_reward": 0.21998077630996704,
  "train_updates": 1
}
