{
  "elapsed_seconds": 7194.908224846004,
  "grpo_step": 130,
  "mean_advantage": 6.51925802230835e-09,
  "mean_answer_reward": 0.10546875,
  "mean_format_reward": 0.48828125,
  "mean_group_std": 0.17951004207134247,
  "mean_raw_reward": 0.10546875,
  "mean_response_length": 729.2890625,
  "mean_reward": 0.10546875,
  "num_correct_rollouts": 27,
  "num_rollouts": 256,
  "std_raw_reward": 0.3077581524848938,
  "train_updates": 1
}
