{
  "elapsed_seconds": 2798.2086500629666,
  "grpo_step": 50,
  "mean_advantage": 9.313225746154785e-10,
  "mean_answer_reward": 0.03515625,
  "mean_format_reward": 0.45703125,
  "mean_group_std": 0.07483351975679398,
  "mean_raw_reward": 0.03515625,
  "mean_response_length": 712.2109375,
  "mean_reward": 0.03515625,
  "num_correct_rollouts": 9,
  "num_rollouts": 256,
  "std_raw_reward": 0.18453538417816162,
  "train_updates": 1
}
