{
  "grpo_step": 11,
  "mean_advantage": 2.7939677238464355e-09,
  "mean_answer_reward": 0.05859375,
  "mean_format_reward": 0.22265625,
  "mean_group_std": 0.09153734147548676,
  "mean_raw_reward": 0.05859375,
  "mean_response_length": 983.4296875,
  "mean_reward": 0.05859375,
  "num_correct_rollouts": 15,
  "num_rollouts": 256,
  "std_raw_reward": 0.23532283306121826,
  "train_updates": 1
}
