{
  "elapsed_seconds": 2105.1903525050147,
  "grpo_step": 37,
  "mean_advantage": 2.6775524020195007e-09,
  "mean_answer_reward": 0.046875,
  "mean_format_reward": 0.2890625,
  "mean_group_std": 0.09100693464279175,
  "mean_raw_reward": 0.046875,
  "mean_response_length": 909.734375,
  "mean_reward": 0.046875,
  "num_correct_rollouts": 12,
  "num_rollouts": 256,
  "std_raw_reward": 0.21178512275218964,
  "train_updates": 1
}
