{
  "elapsed_seconds": 8186.7326857910375,
  "grpo_step": 148,
  "mean_advantage": 3.725290298461914e-09,
  "mean_answer_reward": 0.140625,
  "mean_format_reward": 0.52734375,
  "mean_group_std": 0.20555248856544495,
  "mean_raw_reward": 0.140625,
  "mean_response_length": 756.66015625,
  "mean_reward": 0.140625,
  "num_correct_rollouts": 36,
  "num_rollouts": 256,
  "std_raw_reward": 0.3483152687549591,
  "train_updates": 1
}
