{
  "elapsed_seconds": 3301.878955307009,
  "grpo_step": 59,
  "mean_advantage": 7.683411240577698e-09,
  "mean_answer_reward": 0.07421875,
  "mean_format_reward": 0.34765625,
  "mean_group_std": 0.17176659405231476,
  "mean_raw_reward": 0.07421875,
  "mean_response_length": 821.2265625,
  "mean_reward": 0.07421875,
  "num_correct_rollouts": 19,
  "num_rollouts": 256,
  "std_raw_reward": 0.2626400291919708,
  "train_updates": 1
}
