{
  "elapsed_seconds": 4291.409762419993,
  "grpo_step": 77,
  "mean_advantage": 1.862645149230957e-09,
  "mean_answer_reward": 0.06640625,
  "mean_format_reward": 0.3984375,
  "mean_group_std": 0.1357315182685852,
  "mean_raw_reward": 0.06640625,
  "mean_response_length": 742.046875,
  "mean_reward": 0.06640625,
  "num_correct_rollouts": 17,
  "num_rollouts": 256,
  "std_raw_reward": 0.24947862327098846,
  "train_updates": 1
}
