{
  "grpo_step": 9,
  "mean_advantage": 6.05359673500061e-09,
  "mean_answer_reward": 0.12890625,
  "mean_format_reward": 0.3359375,
  "mean_group_std": 0.20752833783626556,
  "mean_raw_reward": 0.12890625,
  "mean_response_length": 866.91015625,
  "mean_reward": 0.12890625,
  "num_correct_rollouts": 33,
  "num_rollouts": 256,
  "std_raw_reward": 0.33575254678726196,
  "train_updates": 1
}
