{
  "elapsed_seconds": 5930.394745127007,
  "grpo_step": 105,
  "mean_advantage": 0.0,
  "mean_answer_reward": 0.0234375,
  "mean_format_reward": 0.26953125,
  "mean_group_std": 0.05102896690368652,
  "mean_raw_reward": 0.0234375,
  "mean_response_length": 896.91796875,
  "mean_reward": 0.0234375,
  "num_correct_rollouts": 6,
  "num_rollouts": 256,
  "std_raw_reward": 0.15158475935459137,
  "train_updates": 1
}
