{
  "elapsed_seconds": 8817.576378445956,
  "grpo_step": 156,
  "mean_advantage": 4.889443516731262e-09,
  "mean_answer_reward": 0.05078125,
  "mean_format_reward": 0.26953125,
  "mean_group_std": 0.12073761969804764,
  "mean_raw_reward": 0.05078125,
  "mean_response_length": 771.84375,
  "mean_reward": 0.05078125,
  "num_correct_rollouts": 13,
  "num_rollouts": 256,
  "std_raw_reward": 0.21998077630996704,
  "train_updates": 1
}
