{
  "grpo_step": 36,
  "mean_advantage": 1.862645149230957e-09,
  "mean_answer_reward": 0.0625,
  "mean_format_reward": 0.26171875,
  "mean_group_std": 0.12244509160518646,
  "mean_raw_reward": 0.0625,
  "mean_response_length": 926.6171875,
  "mean_reward": 0.0625,
  "num_correct_rollouts": 16,
  "num_rollouts": 256,
  "std_raw_reward": 0.24253562092781067,
  "train_updates": 1
}
