{
  "grpo_step": 30,
  "mean_advantage": 6.51925802230835e-09,
  "mean_answer_reward": 0.0625,
  "mean_format_reward": 0.29296875,
  "mean_group_std": 0.1258600354194641,
  "mean_raw_reward": 0.0625,
  "mean_response_length": 867.16015625,
  "mean_reward": 0.0625,
  "num_correct_rollouts": 16,
  "num_rollouts": 256,
  "std_raw_reward": 0.24253562092781067,
  "train_updates": 1
}
