{
  "elapsed_seconds": 1549.1550516280113,
  "grpo_step": 27,
  "mean_advantage": 6.51925802230835e-09,
  "mean_answer_reward": 0.0546875,
  "mean_format_reward": 0.23046875,
  "mean_group_std": 0.12415501475334167,
  "mean_raw_reward": 0.0546875,
  "mean_response_length": 1012.5546875,
  "mean_reward": 0.0546875,
  "num_correct_rollouts": 14,
  "num_rollouts": 256,
  "std_raw_reward": 0.22781464457511902,
  "train_updates": 1
}
