{
  "grpo_step": 22,
  "mean_advantage": 3.725290298461914e-09,
  "mean_answer_reward": 0.05078125,
  "mean_format_reward": 0.28515625,
  "mean_group_std": 0.11139655113220215,
  "mean_raw_reward": 0.05078125,
  "mean_response_length": 999.9140625,
  "mean_reward": 0.05078125,
  "num_correct_rollouts": 13,
  "num_rollouts": 256,
  "std_raw_reward": 0.21998077630996704,
  "train_updates": 1
}
