{
  "grpo_step": 49,
  "mean_advantage": 0.0,
  "mean_answer_reward": 0.21484375,
  "mean_format_reward": 0.55078125,
  "mean_group_std": 0.2814468443393707,
  "mean_raw_reward": 0.21484375,
  "mean_response_length": 729.828125,
  "mean_reward": 0.21484375,
  "num_correct_rollouts": 55,
  "num_rollouts": 256,
  "std_raw_reward": 0.4115184545516968,
  "train_updates": 1
}
