{
  "elapsed_seconds": 496.5137407690054,
  "grpo_step": 8,
  "mean_advantage": 3.259629011154175e-09,
  "mean_answer_reward": 0.04296875,
  "mean_format_reward": 0.125,
  "mean_group_std": 0.08929945528507233,
  "mean_raw_reward": 0.04296875,
  "mean_response_length": 834.3359375,
  "mean_reward": 0.04296875,
  "num_correct_rollouts": 11,
  "num_rollouts": 256,
  "std_raw_reward": 0.20318390429019928,
  "train_updates": 1
}
