{
  "grpo_step": 29,
  "mean_advantage": 1.862645149230957e-09,
  "mean_answer_reward": 0.19921875,
  "mean_format_reward": 0.5859375,
  "mean_group_std": 0.25327637791633606,
  "mean_raw_reward": 0.19921875,
  "mean_response_length": 852.7734375,
  "mean_reward": 0.19921875,
  "num_correct_rollouts": 51,
  "num_rollouts": 256,
  "std_raw_reward": 0.40019527077674866,
  "train_updates": 1
}
