{
  "grpo_step": 31,
  "mean_advantage": 3.725290298461914e-09,
  "mean_answer_reward": 0.07421875,
  "mean_format_reward": 0.26953125,
  "mean_group_std": 0.1565043032169342,
  "mean_raw_reward": 0.07421875,
  "mean_response_length": 859.76953125,
  "mean_reward": 0.07421875,
  "num_correct_rollouts": 19,
  "num_rollouts": 256,
  "std_raw_reward": 0.2626400291919708,
  "train_updates": 1
}
