{
  "elapsed_seconds": 4468.972213189001,
  "grpo_step": 79,
  "mean_advantage": 3.725290298461914e-09,
  "mean_answer_reward": 0.05859375,
  "mean_format_reward": 0.19921875,
  "mean_group_std": 0.135203555226326,
  "mean_raw_reward": 0.05859375,
  "mean_response_length": 845.67578125,
  "mean_reward": 0.05859375,
  "num_correct_rollouts": 15,
  "num_rollouts": 256,
  "std_raw_reward": 0.23532283306121826,
  "train_updates": 1
}
