{
  "elapsed_seconds": 3693.183593090973,
  "grpo_step": 66,
  "mean_advantage": 3.3760443329811096e-09,
  "mean_answer_reward": 0.0234375,
  "mean_format_reward": 0.515625,
  "mean_group_std": 0.0586601160466671,
  "mean_raw_reward": 0.0234375,
  "mean_response_length": 596.078125,
  "mean_reward": 0.0234375,
  "num_correct_rollouts": 6,
  "num_rollouts": 256,
  "std_raw_reward": 0.15158475935459137,
  "train_updates": 1
}
