{
  "grpo_step": 11,
  "mean_advantage": 0.0,
  "mean_answer_reward": 0.1171875,
  "mean_format_reward": 0.38671875,
  "mean_group_std": 0.19739338755607605,
  "mean_raw_reward": 0.1171875,
  "mean_response_length": 854.1953125,
  "mean_reward": 0.1171875,
  "num_correct_rollouts": 30,
  "num_rollouts": 256,
  "std_raw_reward": 0.3222736418247223,
  "train_updates": 1
}
