{
  "grpo_step": 11,
  "mean_advantage": 1.862645149230957e-09,
  "mean_answer_reward": 0.078125,
  "mean_format_reward": 0.3984375,
  "mean_group_std": 0.16124600172042847,
  "mean_raw_reward": 0.078125,
  "mean_response_length": 693.58984375,
  "mean_reward": 0.078125,
  "num_correct_rollouts": 20,
  "num_rollouts": 256,
  "std_raw_reward": 0.26889389753341675,
  "train_updates": 1
}
