{
  "grpo_step": 47,
  "mean_advantage": 1.3969838619232178e-09,
  "mean_answer_reward": 0.07421875,
  "mean_format_reward": 0.43359375,
  "mean_group_std": 0.14032842218875885,
  "mean_raw_reward": 0.07421875,
  "mean_response_length": 639.90234375,
  "mean_reward": 0.07421875,
  "num_correct_rollouts": 19,
  "num_rollouts": 256,
  "std_raw_reward": 0.2626400291919708,
  "train_updates": 1
}
