{
  "elapsed_seconds": 8870.682130180998,
  "grpo_step": 161,
  "mean_advantage": 1.862645149230957e-09,
  "mean_answer_reward": 0.15625,
  "mean_format_reward": 0.62890625,
  "mean_group_std": 0.2285582423210144,
  "mean_raw_reward": 0.15625,
  "mean_response_length": 678.7421875,
  "mean_reward": 0.15625,
  "num_correct_rollouts": 40,
  "num_rollouts": 256,
  "std_raw_reward": 0.3638034462928772,
  "train_updates": 1
}
