{
  "elapsed_seconds": 2601.954001643986,
  "grpo_step": 45,
  "mean_advantage": 6.05359673500061e-09,
  "mean_answer_reward": 0.04296875,
  "mean_format_reward": 0.2109375,
  "mean_group_std": 0.0969306081533432,
  "mean_raw_reward": 0.04296875,
  "mean_response_length": 1123.2578125,
  "mean_reward": 0.04296875,
  "num_correct_rollouts": 11,
  "num_rollouts": 256,
  "std_raw_reward": 0.20318390429019928,
  "train_updates": 1
}
