{
  "elapsed_seconds": 7300.040713264025,
  "grpo_step": 132,
  "mean_advantage": 1.862645149230957e-09,
  "mean_answer_reward": 0.0859375,
  "mean_format_reward": 0.5,
  "mean_group_std": 0.15821176767349243,
  "mean_raw_reward": 0.0859375,
  "mean_response_length": 792.09765625,
  "mean_reward": 0.0859375,
  "num_correct_rollouts": 22,
  "num_rollouts": 256,
  "std_raw_reward": 0.28082075715065,
  "train_updates": 1
}
