{
  "elapsed_seconds": 7743.476188581029,
  "grpo_step": 140,
  "mean_advantage": 2.7939677238464355e-09,
  "mean_answer_reward": 0.14453125,
  "mean_format_reward": 0.54296875,
  "mean_group_std": 0.22764712572097778,
  "mean_raw_reward": 0.14453125,
  "mean_response_length": 693.77734375,
  "mean_reward": 0.14453125,
  "num_correct_rollouts": 37,
  "num_rollouts": 256,
  "std_raw_reward": 0.35231637954711914,
  "train_updates": 1
}
