{
  "elapsed_seconds": 1604.7265456870082,
  "grpo_step": 28,
  "mean_advantage": 0.0,
  "mean_answer_reward": 0.08203125,
  "mean_format_reward": 0.26953125,
  "mean_group_std": 0.1646634042263031,
  "mean_raw_reward": 0.08203125,
  "mean_response_length": 895.125,
  "mean_reward": 0.08203125,
  "num_correct_rollouts": 21,
  "num_rollouts": 256,
  "std_raw_reward": 0.274949848651886,
  "train_updates": 1
}
