{
  "grpo_step": 14,
  "mean_advantage": -1.1641532182693481e-09,
  "mean_answer_reward": 0.0546875,
  "mean_format_reward": 0.28515625,
  "mean_group_std": 0.11192695796489716,
  "mean_raw_reward": 0.0546875,
  "mean_response_length": 986.87890625,
  "mean_reward": 0.0546875,
  "num_correct_rollouts": 14,
  "num_rollouts": 256,
  "std_raw_reward": 0.22781464457511902,
  "train_updates": 4
}
