{
  "elapsed_seconds": 2812.420422411,
  "grpo_step": 50,
  "mean_advantage": 5.587935447692871e-09,
  "mean_answer_reward": 0.09375,
  "mean_format_reward": 0.30078125,
  "mean_group_std": 0.18110519647598267,
  "mean_raw_reward": 0.09375,
  "mean_response_length": 783.84375,
  "mean_reward": 0.09375,
  "num_correct_rollouts": 24,
  "num_rollouts": 256,
  "std_raw_reward": 0.2920515537261963,
  "train_updates": 1
}
