{
  "grpo_step": 24,
  "mean_advantage": 0.0,
  "mean_answer_reward": 0.15234375,
  "mean_format_reward": 0.453125,
  "mean_group_std": 0.22278675436973572,
  "mean_raw_reward": 0.15234375,
  "mean_response_length": 835.78125,
  "mean_reward": 0.15234375,
  "num_correct_rollouts": 39,
  "num_rollouts": 256,
  "std_raw_reward": 0.36005768179893494,
  "train_updates": 1
}
