{
  "elapsed_seconds": 4342.903178051987,
  "grpo_step": 79,
  "mean_advantage": 0.0,
  "mean_answer_reward": 0.0078125,
  "mean_format_reward": 0.609375,
  "mean_group_std": 0.022097086533904076,
  "mean_raw_reward": 0.0078125,
  "mean_response_length": 487.9140625,
  "mean_reward": 0.0078125,
  "num_correct_rollouts": 2,
  "num_rollouts": 256,
  "std_raw_reward": 0.08821486681699753,
  "train_updates": 1
}
