{
  "ei_step": 3,
  "filtered_dataset_size": 2959,
  "mean_answer_reward": 0.18060302734375,
  "mean_format_reward": 0.7197265625,
  "mean_response_length": 621.1755981445312,
  "mean_reward": 0.18060302734375,
  "num_correct_rollouts": 2959,
  "num_rollouts": 16384,
  "num_unique_prompts_with_correct_rollout": 1169
}
