{
  "elapsed_seconds": 2976.6784176360234,
  "grpo_step": 53,
  "mean_advantage": 4.6566128730773926e-09,
  "mean_answer_reward": 0.06640625,
  "mean_format_reward": 0.35546875,
  "mean_group_std": 0.14032843708992004,
  "mean_raw_reward": 0.06640625,
  "mean_response_length": 655.62890625,
  "mean_reward": 0.06640625,
  "num_correct_rollouts": 17,
  "num_rollouts": 256,
  "std_raw_reward": 0.24947862327098846,
  "train_updates": 1
}
