{
  "elapsed_seconds": 924.711981948989,
  "grpo_step": 16,
  "mean_advantage": 5.587935447692871e-09,
  "mean_answer_reward": 0.06640625,
  "mean_format_reward": 0.28125,
  "mean_group_std": 0.1555907130241394,
  "mean_raw_reward": 0.06640625,
  "mean_response_length": 796.734375,
  "mean_reward": 0.06640625,
  "num_correct_rollouts": 17,
  "num_rollouts": 256,
  "std_raw_reward": 0.24947862327098846,
  "train_updates": 1
}
