{
  "grpo_step": 3,
  "mean_advantage": 2.3283064365386963e-09,
  "mean_answer_reward": 0.0546875,
  "mean_format_reward": 0.1875,
  "mean_group_std": 0.10429581999778748,
  "mean_raw_reward": 0.0546875,
  "mean_response_length": 999.1953125,
  "mean_reward": 0.0546875,
  "num_correct_rollouts": 14,
  "num_rollouts": 256,
  "std_raw_reward": 0.22781464457511902,
  "train_updates": 1
}
