{
  "grpo_step": 35,
  "mean_advantage": 5.587935447692871e-09,
  "mean_answer_reward": 0.1328125,
  "mean_format_reward": 0.41796875,
  "mean_group_std": 0.20133627951145172,
  "mean_raw_reward": 0.1328125,
  "mean_response_length": 746.57421875,
  "mean_reward": 0.1328125,
  "num_correct_rollouts": 34,
  "num_rollouts": 256,
  "std_raw_reward": 0.3400367498397827,
  "train_updates": 4
}
