{
  "elapsed_seconds": 7567.680932905991,
  "grpo_step": 134,
  "mean_advantage": 5.005858838558197e-09,
  "mean_answer_reward": 0.03125,
  "mean_format_reward": 0.26171875,
  "mean_group_std": 0.08075719326734543,
  "mean_raw_reward": 0.03125,
  "mean_response_length": 953.44140625,
  "mean_reward": 0.03125,
  "num_correct_rollouts": 8,
  "num_rollouts": 256,
  "std_raw_reward": 0.17433346807956696,
  "train_updates": 1
}
