{
  "elapsed_seconds": 4453.660728991963,
  "grpo_step": 81,
  "mean_advantage": 9.313225746154785e-10,
  "mean_answer_reward": 0.01171875,
  "mean_format_reward": 0.62890625,
  "mean_group_std": 0.03314562886953354,
  "mean_raw_reward": 0.01171875,
  "mean_response_length": 479.9453125,
  "mean_reward": 0.01171875,
  "num_correct_rollouts": 3,
  "num_rollouts": 256,
  "std_raw_reward": 0.1078278198838234,
  "train_updates": 1
}
