{
  "elapsed_seconds": 5888.76611489302,
  "grpo_step": 106,
  "mean_advantage": 5.587935447692871e-09,
  "mean_answer_reward": 0.08203125,
  "mean_format_reward": 0.48828125,
  "mean_group_std": 0.17005667090415955,
  "mean_raw_reward": 0.08203125,
  "mean_response_length": 670.1875,
  "mean_reward": 0.08203125,
  "num_correct_rollouts": 21,
  "num_rollouts": 256,
  "std_raw_reward": 0.274949848651886,
  "train_updates": 1
}
