{
  "grpo_step": 26,
  "mean_advantage": 3.725290298461914e-09,
  "mean_answer_reward": 0.0390625,
  "mean_format_reward": 0.2734375,
  "mean_group_std": 0.09522313624620438,
  "mean_raw_reward": 0.0390625,
  "mean_response_length": 940.4296875,
  "mean_reward": 0.0390625,
  "num_correct_rollouts": 10,
  "num_rollouts": 256,
  "std_raw_reward": 0.19412322342395782,
  "train_updates": 1
}
