{
  "grpo_step": 44,
  "mean_advantage": 5.587935447692871e-09,
  "mean_answer_reward": 0.04296875,
  "mean_format_reward": 0.375,
  "mean_group_std": 0.0969306156039238,
  "mean_raw_reward": 0.04296875,
  "mean_response_length": 839.03125,
  "mean_reward": 0.04296875,
  "num_correct_rollouts": 11,
  "num_rollouts": 256,
  "std_raw_reward": 0.20318390429019928,
  "train_updates": 1
}
