{
  "grpo_step": 50,
  "mean_advantage": 7.683411240577698e-09,
  "mean_answer_reward": 0.13671875,
  "mean_format_reward": 0.51953125,
  "mean_group_std": 0.23159493505954742,
  "mean_raw_reward": 0.13671875,
  "mean_response_length": 664.92578125,
  "mean_reward": 0.13671875,
  "num_correct_rollouts": 35,
  "num_rollouts": 256,
  "std_raw_reward": 0.34422317147254944,
  "train_updates": 4
}
