{
  "grpo_step": 36,
  "mean_advantage": 2.3283064365386963e-10,
  "mean_answer_reward": 0.0625,
  "mean_format_reward": 0.33984375,
  "mean_group_std": 0.11705182492733002,
  "mean_raw_reward": 0.0625,
  "mean_response_length": 852.59375,
  "mean_reward": 0.0625,
  "num_correct_rollouts": 16,
  "num_rollouts": 256,
  "std_raw_reward": 0.24253562092781067,
  "train_updates": 4
}
