{
  "grpo_step": 32,
  "mean_advantage": 1.862645149230957e-09,
  "mean_answer_reward": 0.078125,
  "mean_format_reward": 0.296875,
  "mean_group_std": 0.11705183237791061,
  "mean_raw_reward": 0.078125,
  "mean_response_length": 959.51171875,
  "mean_reward": 0.078125,
  "num_correct_rollouts": 20,
  "num_rollouts": 256,
  "std_raw_reward": 0.26889389753341675,
  "train_updates": 1
}
