{
  "elapsed_seconds": 1921.3602713199798,
  "grpo_step": 34,
  "mean_advantage": 9.313225746154785e-10,
  "mean_answer_reward": 0.01953125,
  "mean_format_reward": 0.3125,
  "mean_group_std": 0.055242717266082764,
  "mean_raw_reward": 0.01953125,
  "mean_response_length": 670.6015625,
  "mean_reward": 0.01953125,
  "num_correct_rollouts": 5,
  "num_rollouts": 256,
  "std_raw_reward": 0.13865379989147186,
  "train_updates": 1
}
