{
  "grpo_step": 34,
  "mean_advantage": 2.7939677238464355e-09,
  "mean_answer_reward": 0.08203125,
  "mean_format_reward": 0.34765625,
  "mean_group_std": 0.15703226625919342,
  "mean_raw_reward": 0.08203125,
  "mean_response_length": 839.54296875,
  "mean_reward": 0.08203125,
  "num_correct_rollouts": 21,
  "num_rollouts": 256,
  "std_raw_reward": 0.274949848651886,
  "train_updates": 4
}
