{
  "elapsed_seconds": 6866.732245485007,
  "grpo_step": 124,
  "mean_advantage": 3.259629011154175e-09,
  "mean_answer_reward": 0.08984375,
  "mean_format_reward": 0.55859375,
  "mean_group_std": 0.13349363207817078,
  "mean_raw_reward": 0.08984375,
  "mean_response_length": 742.86328125,
  "mean_reward": 0.08984375,
  "num_correct_rollouts": 23,
  "num_rollouts": 256,
  "std_raw_reward": 0.2865179181098938,
  "train_updates": 1
}
