{
  "elapsed_seconds": 4028.184878648026,
  "grpo_step": 72,
  "mean_advantage": 1.862645149230957e-09,
  "mean_answer_reward": 0.04296875,
  "mean_format_reward": 0.359375,
  "mean_group_std": 0.09100939333438873,
  "mean_raw_reward": 0.04296875,
  "mean_response_length": 812.29296875,
  "mean_reward": 0.04296875,
  "num_correct_rollouts": 11,
  "num_rollouts": 256,
  "std_raw_reward": 0.20318390429019928,
  "train_updates": 1
}
