{
  "grpo_step": 33,
  "mean_advantage": 0.0,
  "mean_answer_reward": 0.09765625,
  "mean_format_reward": 0.421875,
  "mean_group_std": 0.14636194705963135,
  "mean_raw_reward": 0.09765625,
  "mean_response_length": 988.296875,
  "mean_reward": 0.09765625,
  "num_correct_rollouts": 25,
  "num_rollouts": 256,
  "std_raw_reward": 0.29743078351020813,
  "train_updates": 1
}
