{
  "elapsed_seconds": 1371.4169955700054,
  "grpo_step": 24,
  "mean_advantage": 4.6566128730773926e-09,
  "mean_answer_reward": 0.07421875,
  "mean_format_reward": 0.3046875,
  "mean_group_std": 0.15019747614860535,
  "mean_raw_reward": 0.07421875,
  "mean_response_length": 815.48828125,
  "mean_reward": 0.07421875,
  "num_correct_rollouts": 19,
  "num_rollouts": 256,
  "std_raw_reward": 0.2626400291919708,
  "train_updates": 1
}
