{
  "elapsed_seconds": 7284.314041781996,
  "grpo_step": 129,
  "mean_advantage": 0.0,
  "mean_answer_reward": 0.03515625,
  "mean_format_reward": 0.234375,
  "mean_group_std": 0.08417458832263947,
  "mean_raw_reward": 0.03515625,
  "mean_response_length": 1034.1796875,
  "mean_reward": 0.03515625,
  "num_correct_rollouts": 9,
  "num_rollouts": 256,
  "std_raw_reward": 0.18453538417816162,
  "train_updates": 1
}
