{
  "elapsed_seconds": 4419.180838464003,
  "grpo_step": 78,
  "mean_advantage": 3.259629011154175e-09,
  "mean_answer_reward": 0.01953125,
  "mean_format_reward": 0.18359375,
  "mean_group_std": 0.055242717266082764,
  "mean_raw_reward": 0.01953125,
  "mean_response_length": 1078.51953125,
  "mean_reward": 0.01953125,
  "num_correct_rollouts": 5,
  "num_rollouts": 256,
  "std_raw_reward": 0.13865379989147186,
  "train_updates": 1
}
