{
  "elapsed_seconds": 1747.4961176429642,
  "grpo_step": 30,
  "mean_advantage": 1.862645149230957e-09,
  "mean_answer_reward": 0.03125,
  "mean_format_reward": 0.1953125,
  "mean_group_std": 0.06378497928380966,
  "mean_raw_reward": 0.03125,
  "mean_response_length": 902.2421875,
  "mean_reward": 0.03125,
  "num_correct_rollouts": 8,
  "num_rollouts": 256,
  "std_raw_reward": 0.17433346807956696,
  "train_updates": 1
}
