{
  "elapsed_seconds": 702.8394197160378,
  "grpo_step": 12,
  "mean_advantage": 3.725290298461914e-09,
  "mean_answer_reward": 0.0546875,
  "mean_format_reward": 0.28515625,
  "mean_group_std": 0.10718280076980591,
  "mean_raw_reward": 0.0546875,
  "mean_response_length": 853.0078125,
  "mean_reward": 0.0546875,
  "num_correct_rollouts": 14,
  "num_rollouts": 256,
  "std_raw_reward": 0.22781464457511902,
  "train_updates": 1
}
