{
  "elapsed_seconds": 9688.46975744603,
  "grpo_step": 177,
  "mean_advantage": 0.0,
  "mean_answer_reward": 0.17578125,
  "mean_format_reward": 0.609375,
  "mean_group_std": 0.22172589600086212,
  "mean_raw_reward": 0.17578125,
  "mean_response_length": 763.38671875,
  "mean_reward": 0.17578125,
  "num_correct_rollouts": 45,
  "num_rollouts": 256,
  "std_raw_reward": 0.38137954473495483,
  "train_updates": 1
}
