{
  "elapsed_seconds": 2436.59522288898,
  "grpo_step": 42,
  "mean_advantage": 9.313225746154785e-10,
  "mean_answer_reward": 0.015625,
  "mean_format_reward": 0.2109375,
  "mean_group_std": 0.036563027650117874,
  "mean_raw_reward": 0.015625,
  "mean_response_length": 958.046875,
  "mean_reward": 0.015625,
  "num_correct_rollouts": 4,
  "num_rollouts": 256,
  "std_raw_reward": 0.12426253408193588,
  "train_updates": 1
}
