{
  "elapsed_seconds": 4144.49310631596,
  "grpo_step": 73,
  "mean_advantage": 2.3283064365386963e-09,
  "mean_answer_reward": 0.015625,
  "mean_format_reward": 0.1875,
  "mean_group_std": 0.04419417306780815,
  "mean_raw_reward": 0.015625,
  "mean_response_length": 996.62109375,
  "mean_reward": 0.015625,
  "num_correct_rollouts": 4,
  "num_rollouts": 256,
  "std_raw_reward": 0.12426253408193588,
  "train_updates": 1
}
