{
  "elapsed_seconds": 7402.47768752597,
  "grpo_step": 131,
  "mean_advantage": 9.313225746154785e-10,
  "mean_answer_reward": 0.046875,
  "mean_format_reward": 0.26953125,
  "mean_group_std": 0.10205793380737305,
  "mean_raw_reward": 0.046875,
  "mean_response_length": 935.44921875,
  "mean_reward": 0.046875,
  "num_correct_rollouts": 12,
  "num_rollouts": 256,
  "std_raw_reward": 0.21178512275218964,
  "train_updates": 1
}
