{
  "elapsed_seconds": 6573.182399888989,
  "grpo_step": 119,
  "mean_advantage": 7.450580596923828e-09,
  "mean_answer_reward": 0.140625,
  "mean_format_reward": 0.58203125,
  "mean_group_std": 0.2414664328098297,
  "mean_raw_reward": 0.140625,
  "mean_response_length": 635.58984375,
  "mean_reward": 0.140625,
  "num_correct_rollouts": 36,
  "num_rollouts": 256,
  "std_raw_reward": 0.3483152687549591,
  "train_updates": 1
}
