{
  "elapsed_seconds": 5409.332656000974,
  "grpo_step": 96,
  "mean_advantage": 4.6566128730773926e-09,
  "mean_answer_reward": 0.03515625,
  "mean_format_reward": 0.22265625,
  "mean_group_std": 0.08417460322380066,
  "mean_raw_reward": 0.03515625,
  "mean_response_length": 937.859375,
  "mean_reward": 0.03515625,
  "num_correct_rollouts": 9,
  "num_rollouts": 256,
  "std_raw_reward": 0.18453538417816162,
  "train_updates": 1
}
