{
  "elapsed_seconds": 1695.3005708779674,
  "grpo_step": 29,
  "mean_advantage": 9.313225746154785e-10,
  "mean_answer_reward": 0.0390625,
  "mean_format_reward": 0.19921875,
  "mean_group_std": 0.08588206022977829,
  "mean_raw_reward": 0.0390625,
  "mean_response_length": 955.03125,
  "mean_reward": 0.0390625,
  "num_correct_rollouts": 10,
  "num_rollouts": 256,
  "std_raw_reward": 0.19412322342395782,
  "train_updates": 1
}
