{
  "elapsed_seconds": 2852.850573982985,
  "grpo_step": 50,
  "mean_advantage": 5.587935447692871e-09,
  "mean_answer_reward": 0.0703125,
  "mean_format_reward": 0.19921875,
  "mean_group_std": 0.1467800736427307,
  "mean_raw_reward": 0.0703125,
  "mean_response_length": 922.19921875,
  "mean_reward": 0.0703125,
  "num_correct_rollouts": 18,
  "num_rollouts": 256,
  "std_raw_reward": 0.2561737596988678,
  "train_updates": 1
}
