{
  "elapsed_seconds": 9356.00355980196,
  "grpo_step": 179,
  "mean_advantage": 6.984919309616089e-10,
  "mean_answer_reward": 0.0078125,
  "mean_format_reward": 0.5859375,
  "mean_group_std": 0.022097086533904076,
  "mean_raw_reward": 0.0078125,
  "mean_response_length": 430.625,
  "mean_reward": 0.0078125,
  "num_correct_rollouts": 2,
  "num_rollouts": 256,
  "std_raw_reward": 0.08821486681699753,
  "train_updates": 1
}
