{
  "elapsed_seconds": 5146.025022082962,
  "grpo_step": 91,
  "mean_advantage": 9.313225746154785e-10,
  "mean_answer_reward": 0.0234375,
  "mean_format_reward": 0.2109375,
  "mean_group_std": 0.06629125773906708,
  "mean_raw_reward": 0.0234375,
  "mean_response_length": 916.453125,
  "mean_reward": 0.0234375,
  "num_correct_rollouts": 6,
  "num_rollouts": 256,
  "std_raw_reward": 0.15158475935459137,
  "train_updates": 1
}
