{
  "elapsed_seconds": 10590.704486638017,
  "grpo_step": 194,
  "mean_advantage": 5.587935447692871e-09,
  "mean_answer_reward": 0.18359375,
  "mean_format_reward": 0.68359375,
  "mean_group_std": 0.3081408441066742,
  "mean_raw_reward": 0.18359375,
  "mean_response_length": 594.3359375,
  "mean_reward": 0.18359375,
  "num_correct_rollouts": 47,
  "num_rollouts": 256,
  "std_raw_reward": 0.3879109025001526,
  "train_updates": 1
}
