{
  "grpo_step": 12,
  "mean_advantage": 4.6566128730773926e-09,
  "mean_answer_reward": 0.0546875,
  "mean_format_reward": 0.30078125,
  "mean_group_std": 0.10718280076980591,
  "mean_raw_reward": 0.0546875,
  "mean_response_length": 912.05078125,
  "mean_reward": 0.0546875,
  "num_correct_rollouts": 14,
  "num_rollouts": 256,
  "std_raw_reward": 0.22781464457511902,
  "train_updates": 1
}
