{
  "grpo_step": 6,
  "mean_advantage": 6.51925802230835e-09,
  "mean_answer_reward": 0.046875,
  "mean_format_reward": 0.16796875,
  "mean_group_std": 0.10797914862632751,
  "mean_raw_reward": 0.046875,
  "mean_response_length": 1091.98046875,
  "mean_reward": 0.046875,
  "num_correct_rollouts": 12,
  "num_rollouts": 256,
  "std_raw_reward": 0.21178512275218964,
  "train_updates": 1
}
