{
  "elapsed_seconds": 10315.40977383696,
  "grpo_step": 182,
  "mean_advantage": 5.587935447692871e-09,
  "mean_answer_reward": 0.046875,
  "mean_format_reward": 0.26171875,
  "mean_group_std": 0.11561030149459839,
  "mean_raw_reward": 0.046875,
  "mean_response_length": 857.3671875,
  "mean_reward": 0.046875,
  "num_correct_rollouts": 12,
  "num_rollouts": 256,
  "std_raw_reward": 0.21178512275218964,
  "train_updates": 1
}
