{
  "elapsed_seconds": 4450.498577310995,
  "grpo_step": 80,
  "mean_advantage": 7.450580596923828e-09,
  "mean_answer_reward": 0.0625,
  "mean_format_reward": 0.4453125,
  "mean_group_std": 0.1153419092297554,
  "mean_raw_reward": 0.0625,
  "mean_response_length": 771.265625,
  "mean_reward": 0.0625,
  "num_correct_rollouts": 16,
  "num_rollouts": 256,
  "std_raw_reward": 0.24253562092781067,
  "train_updates": 1
}
