{
  "grpo_step": 6,
  "mean_advantage": 4.6566128730773926e-09,
  "mean_answer_reward": 0.046875,
  "mean_format_reward": 0.22265625,
  "mean_group_std": 0.10797915607690811,
  "mean_raw_reward": 0.046875,
  "mean_response_length": 1011.33984375,
  "mean_reward": 0.046875,
  "num_correct_rollouts": 12,
  "num_rollouts": 256,
  "std_raw_reward": 0.21178512275218964,
  "train_updates": 4
}
