{
  "grpo_step": 6,
  "mean_advantage": 3.725290298461914e-09,
  "mean_answer_reward": 0.046875,
  "mean_format_reward": 0.171875,
  "mean_group_std": 0.10205793380737305,
  "mean_raw_reward": 0.046875,
  "mean_response_length": 1040.234375,
  "mean_reward": 0.046875,
  "num_correct_rollouts": 12,
  "num_rollouts": 256,
  "std_raw_reward": 0.21178512275218964,
  "train_updates": 1
}
