{
  "elapsed_seconds": 984.8693070199806,
  "grpo_step": 17,
  "mean_advantage": 2.7939677238464355e-09,
  "mean_answer_reward": 0.02734375,
  "mean_format_reward": 0.2109375,
  "mean_group_std": 0.060367584228515625,
  "mean_raw_reward": 0.02734375,
  "mean_response_length": 1067.5390625,
  "mean_reward": 0.02734375,
  "num_correct_rollouts": 7,
  "num_rollouts": 256,
  "std_raw_reward": 0.1634024679660797,
  "train_updates": 1
}
