{
  "elapsed_seconds": 2400.06284495804,
  "grpo_step": 42,
  "mean_advantage": 2.7939677238464355e-09,
  "mean_answer_reward": 0.02734375,
  "mean_format_reward": 0.30078125,
  "mean_group_std": 0.06970866024494171,
  "mean_raw_reward": 0.02734375,
  "mean_response_length": 923.484375,
  "mean_reward": 0.02734375,
  "num_correct_rollouts": 7,
  "num_rollouts": 256,
  "std_raw_reward": 0.1634024679660797,
  "train_updates": 1
}
