{
  "elapsed_seconds": 10760.73900703399,
  "grpo_step": 197,
  "mean_advantage": 4.6566128730773926e-09,
  "mean_answer_reward": 0.13671875,
  "mean_format_reward": 0.69921875,
  "mean_group_std": 0.25487399101257324,
  "mean_raw_reward": 0.13671875,
  "mean_response_length": 620.54296875,
  "mean_reward": 0.13671875,
  "num_correct_rollouts": 35,
  "num_rollouts": 256,
  "std_raw_reward": 0.34422317147254944,
  "train_updates": 1
}
