{
  "grpo_step": 50,
  "mean_advantage": 3.725290298461914e-09,
  "mean_answer_reward": 0.1171875,
  "mean_format_reward": 0.4296875,
  "mean_group_std": 0.1930648684501648,
  "mean_raw_reward": 0.1171875,
  "mean_response_length": 669.125,
  "mean_reward": 0.1171875,
  "num_correct_rollouts": 30,
  "num_rollouts": 256,
  "std_raw_reward": 0.3222736418247223,
  "train_updates": 1
}
