{
  "elapsed_seconds": 9491.722407966037,
  "grpo_step": 173,
  "mean_advantage": 1.862645149230957e-09,
  "mean_answer_reward": 0.15234375,
  "mean_format_reward": 0.671875,
  "mean_group_std": 0.26368218660354614,
  "mean_raw_reward": 0.15234375,
  "mean_response_length": 678.75,
  "mean_reward": 0.15234375,
  "num_correct_rollouts": 39,
  "num_rollouts": 256,
  "std_raw_reward": 0.36005768179893494,
  "train_updates": 1
}
