{
  "grpo_step": 40,
  "mean_advantage": 3.259629011154175e-09,
  "mean_answer_reward": 0.12890625,
  "mean_format_reward": 0.609375,
  "mean_group_std": 0.19450396299362183,
  "mean_raw_reward": 0.12890625,
  "mean_response_length": 690.55859375,
  "mean_reward": 0.12890625,
  "num_correct_rollouts": 33,
  "num_rollouts": 256,
  "std_raw_reward": 0.33575254678726196,
  "train_updates": 1
}
