{
  "elapsed_seconds": 440.2733900899766,
  "grpo_step": 7,
  "mean_advantage": 6.28642737865448e-09,
  "mean_answer_reward": 0.04296875,
  "mean_format_reward": 0.1484375,
  "mean_group_std": 0.10627168416976929,
  "mean_raw_reward": 0.04296875,
  "mean_response_length": 959.95703125,
  "mean_reward": 0.04296875,
  "num_correct_rollouts": 11,
  "num_rollouts": 256,
  "std_raw_reward": 0.20318390429019928,
  "train_updates": 1
}
