{
  "elapsed_seconds": 5163.496642354992,
  "grpo_step": 93,
  "mean_advantage": 5.587935447692871e-09,
  "mean_answer_reward": 0.10546875,
  "mean_format_reward": 0.47265625,
  "mean_group_std": 0.18478217720985413,
  "mean_raw_reward": 0.10546875,
  "mean_response_length": 746.171875,
  "mean_reward": 0.10546875,
  "num_correct_rollouts": 27,
  "num_rollouts": 256,
  "std_raw_reward": 0.3077581524848938,
  "train_updates": 1
}
