{
  "elapsed_seconds": 7457.741647180985,
  "grpo_step": 132,
  "mean_advantage": 4.6566128730773926e-09,
  "mean_answer_reward": 0.04296875,
  "mean_format_reward": 0.22265625,
  "mean_group_std": 0.0969306081533432,
  "mean_raw_reward": 0.04296875,
  "mean_response_length": 966.95703125,
  "mean_reward": 0.04296875,
  "num_correct_rollouts": 11,
  "num_rollouts": 256,
  "std_raw_reward": 0.20318390429019928,
  "train_updates": 1
}
