{
  "elapsed_seconds": 9957.54293513496,
  "grpo_step": 176,
  "mean_advantage": 1.862645149230957e-09,
  "mean_answer_reward": 0.0390625,
  "mean_format_reward": 0.2734375,
  "mean_group_std": 0.10285428911447525,
  "mean_raw_reward": 0.0390625,
  "mean_response_length": 885.2265625,
  "mean_reward": 0.0390625,
  "num_correct_rollouts": 10,
  "num_rollouts": 256,
  "std_raw_reward": 0.19412322342395782,
  "train_updates": 1
}
