{
  "elapsed_seconds": 325.4119541210239,
  "grpo_step": 5,
  "mean_advantage": 5.587935447692871e-09,
  "mean_answer_reward": 0.0625,
  "mean_format_reward": 0.24609375,
  "mean_group_std": 0.135201096534729,
  "mean_raw_reward": 0.0625,
  "mean_response_length": 815.03515625,
  "mean_reward": 0.0625,
  "num_correct_rollouts": 16,
  "num_rollouts": 256,
  "std_raw_reward": 0.24253562092781067,
  "train_updates": 1
}
