{
  "elapsed_seconds": 3977.786333443015,
  "grpo_step": 71,
  "mean_advantage": 0.0,
  "mean_answer_reward": 0.05078125,
  "mean_format_reward": 0.3671875,
  "mean_group_std": 0.08865036815404892,
  "mean_raw_reward": 0.05078125,
  "mean_response_length": 807.171875,
  "mean_reward": 0.05078125,
  "num_correct_rollouts": 13,
  "num_rollouts": 256,
  "std_raw_reward": 0.21998077630996704,
  "train_updates": 1
}
