{
  "grpo_step": 35,
  "mean_advantage": 7.450580596923828e-09,
  "mean_answer_reward": 0.09375,
  "mean_format_reward": 0.55078125,
  "mean_group_std": 0.18729089200496674,
  "mean_raw_reward": 0.09375,
  "mean_response_length": 550.640625,
  "mean_reward": 0.09375,
  "num_correct_rollouts": 24,
  "num_rollouts": 256,
  "std_raw_reward": 0.2920515537261963,
  "train_updates": 1
}
