{
  "elapsed_seconds": 2149.6653794049635,
  "grpo_step": 38,
  "mean_advantage": 5.587935447692871e-09,
  "mean_answer_reward": 0.0390625,
  "mean_format_reward": 0.35546875,
  "mean_group_std": 0.09522314369678497,
  "mean_raw_reward": 0.0390625,
  "mean_response_length": 817.1953125,
  "mean_reward": 0.0390625,
  "num_correct_rollouts": 10,
  "num_rollouts": 256,
  "std_raw_reward": 0.19412322342395782,
  "train_updates": 1
}
