{
  "grpo_step": 22,
  "mean_advantage": 6.984919309616089e-09,
  "mean_answer_reward": 0.07421875,
  "mean_format_reward": 0.55078125,
  "mean_group_std": 0.17005665600299835,
  "mean_raw_reward": 0.07421875,
  "mean_response_length": 664.046875,
  "mean_reward": 0.07421875,
  "num_correct_rollouts": 19,
  "num_rollouts": 256,
  "std_raw_reward": 0.2626400291919708,
  "train_updates": 1
}
