{
  "grpo_step": 22,
  "mean_advantage": 3.725290298461914e-09,
  "mean_answer_reward": 0.04296875,
  "mean_format_reward": 0.30859375,
  "mean_group_std": 0.09864053130149841,
  "mean_raw_reward": 0.04296875,
  "mean_response_length": 1063.70703125,
  "mean_reward": 0.04296875,
  "num_correct_rollouts": 11,
  "num_rollouts": 256,
  "std_raw_reward": 0.20318390429019928,
  "train_updates": 4
}
