{
  "elapsed_seconds": 3712.9846897069947,
  "grpo_step": 66,
  "mean_advantage": 3.725290298461914e-09,
  "mean_answer_reward": 0.09765625,
  "mean_format_reward": 0.41015625,
  "mean_group_std": 0.18964746594429016,
  "mean_raw_reward": 0.09765625,
  "mean_response_length": 693.6796875,
  "mean_reward": 0.09765625,
  "num_correct_rollouts": 25,
  "num_rollouts": 256,
  "std_raw_reward": 0.29743078351020813,
  "train_updates": 1
}
