{
  "grpo_step": 46,
  "mean_advantage": 0.0,
  "mean_answer_reward": 0.07421875,
  "mean_format_reward": 0.546875,
  "mean_group_std": 0.14085638523101807,
  "mean_raw_reward": 0.07421875,
  "mean_response_length": 600.55859375,
  "mean_reward": 0.07421875,
  "num_correct_rollouts": 19,
  "num_rollouts": 256,
  "std_raw_reward": 0.2626400291919708,
  "train_updates": 1
}
