{
  "elapsed_seconds": 438.84498672699556,
  "grpo_step": 7,
  "mean_advantage": 3.725290298461914e-09,
  "mean_answer_reward": 0.03515625,
  "mean_format_reward": 0.23828125,
  "mean_group_std": 0.08417460322380066,
  "mean_raw_reward": 0.03515625,
  "mean_response_length": 941.09375,
  "mean_reward": 0.03515625,
  "num_correct_rollouts": 9,
  "num_rollouts": 256,
  "std_raw_reward": 0.18453538417816162,
  "train_updates": 1
}
