{
  "elapsed_seconds": 4866.856974174967,
  "grpo_step": 86,
  "mean_advantage": 1.6298145055770874e-09,
  "mean_answer_reward": 0.03125,
  "mean_format_reward": 0.1875,
  "mean_group_std": 0.0883883461356163,
  "mean_raw_reward": 0.03125,
  "mean_response_length": 961.77734375,
  "mean_reward": 0.03125,
  "num_correct_rollouts": 8,
  "num_rollouts": 256,
  "std_raw_reward": 0.17433346807956696,
  "train_updates": 1
}
