{
  "elapsed_seconds": 3181.768003066012,
  "grpo_step": 57,
  "mean_advantage": 1.862645149230957e-09,
  "mean_answer_reward": 0.0234375,
  "mean_format_reward": 0.47265625,
  "mean_group_std": 0.04931904375553131,
  "mean_raw_reward": 0.0234375,
  "mean_response_length": 690.75,
  "mean_reward": 0.0234375,
  "num_correct_rollouts": 6,
  "num_rollouts": 256,
  "std_raw_reward": 0.15158475935459137,
  "train_updates": 1
}
