{
  "grpo_step": 16,
  "mean_advantage": 7.450580596923828e-09,
  "mean_answer_reward": 0.12890625,
  "mean_format_reward": 0.4609375,
  "mean_group_std": 0.21436314284801483,
  "mean_raw_reward": 0.12890625,
  "mean_response_length": 778.8125,
  "mean_reward": 0.12890625,
  "num_correct_rollouts": 33,
  "num_rollouts": 256,
  "std_raw_reward": 0.33575254678726196,
  "train_updates": 1
}
