{
  "elapsed_seconds": 1611.939452546998,
  "grpo_step": 28,
  "mean_advantage": 3.958120942115784e-09,
  "mean_answer_reward": 0.0546875,
  "mean_format_reward": 0.3046875,
  "mean_group_std": 0.11192696541547775,
  "mean_raw_reward": 0.0546875,
  "mean_response_length": 879.8984375,
  "mean_reward": 0.0546875,
  "num_correct_rollouts": 14,
  "num_rollouts": 256,
  "std_raw_reward": 0.22781464457511902,
  "train_updates": 1
}
