{
  "elapsed_seconds": 3143.663058318023,
  "grpo_step": 56,
  "mean_advantage": 2.7939677238464355e-09,
  "mean_answer_reward": 0.0703125,
  "mean_format_reward": 0.3515625,
  "mean_group_std": 0.14203590154647827,
  "mean_raw_reward": 0.0703125,
  "mean_response_length": 749.9609375,
  "mean_reward": 0.0703125,
  "num_correct_rollouts": 18,
  "num_rollouts": 256,
  "std_raw_reward": 0.2561737596988678,
  "train_updates": 1
}
