{
  "elapsed_seconds": 7345.416507882008,
  "grpo_step": 130,
  "mean_advantage": -2.7939677238464355e-09,
  "mean_answer_reward": 0.046875,
  "mean_format_reward": 0.2421875,
  "mean_group_std": 0.1173202246427536,
  "mean_raw_reward": 0.046875,
  "mean_response_length": 852.9765625,
  "mean_reward": 0.046875,
  "num_correct_rollouts": 12,
  "num_rollouts": 256,
  "std_raw_reward": 0.21178512275218964,
  "train_updates": 1
}
