{
  "elapsed_seconds": 5320.703969955037,
  "grpo_step": 96,
  "mean_advantage": 1.1175870895385742e-08,
  "mean_answer_reward": 0.07421875,
  "mean_format_reward": 0.4609375,
  "mean_group_std": 0.17005665600299835,
  "mean_raw_reward": 0.07421875,
  "mean_response_length": 737.5625,
  "mean_reward": 0.07421875,
  "num_correct_rollouts": 19,
  "num_rollouts": 256,
  "std_raw_reward": 0.2626400291919708,
  "train_updates": 1
}
