{
  "elapsed_seconds": 6537.72502054699,
  "grpo_step": 122,
  "mean_advantage": 6.984919309616089e-10,
  "mean_answer_reward": 0.00390625,
  "mean_format_reward": 0.6875,
  "mean_group_std": 0.011048543266952038,
  "mean_raw_reward": 0.00390625,
  "mean_response_length": 445.875,
  "mean_reward": 0.00390625,
  "num_correct_rollouts": 1,
  "num_rollouts": 256,
  "std_raw_reward": 0.0625,
  "train_updates": 1
}
