{
  "grpo_step": 14,
  "mean_advantage": 8.381903171539307e-09,
  "mean_answer_reward": 0.078125,
  "mean_format_reward": 0.35546875,
  "mean_group_std": 0.1459837108850479,
  "mean_raw_reward": 0.078125,
  "mean_response_length": 1018.16015625,
  "mean_reward": 0.078125,
  "num_correct_rollouts": 20,
  "num_rollouts": 256,
  "std_raw_reward": 0.26889389753341675,
  "train_updates": 1
}
