{
  "elapsed_seconds": 3359.601905709016,
  "grpo_step": 60,
  "mean_advantage": 7.450580596923828e-09,
  "mean_answer_reward": 0.0703125,
  "mean_format_reward": 0.3359375,
  "mean_group_std": 0.16375228762626648,
  "mean_raw_reward": 0.0703125,
  "mean_response_length": 847.765625,
  "mean_reward": 0.0703125,
  "num_correct_rollouts": 18,
  "num_rollouts": 256,
  "std_raw_reward": 0.2561737596988678,
  "train_updates": 1
}
