{
  "elapsed_seconds": 7025.766077028995,
  "grpo_step": 127,
  "mean_advantage": -3.725290298461914e-09,
  "mean_answer_reward": 0.14453125,
  "mean_format_reward": 0.57421875,
  "mean_group_std": 0.2222587764263153,
  "mean_raw_reward": 0.14453125,
  "mean_response_length": 713.9140625,
  "mean_reward": 0.14453125,
  "num_correct_rollouts": 37,
  "num_rollouts": 256,
  "std_raw_reward": 0.35231637954711914,
  "train_updates": 1
}
