{
  "grpo_step": 29,
  "mean_advantage": 0.0,
  "mean_answer_reward": 0.140625,
  "mean_format_reward": 0.45703125,
  "mean_group_std": 0.20304620265960693,
  "mean_raw_reward": 0.140625,
  "mean_response_length": 803.75,
  "mean_reward": 0.140625,
  "num_correct_rollouts": 36,
  "num_rollouts": 256,
  "std_raw_reward": 0.3483152687549591,
  "train_updates": 1
}
