{
  "elapsed_seconds": 3496.509271199,
  "grpo_step": 61,
  "mean_advantage": 7.916241884231567e-09,
  "mean_answer_reward": 0.04296875,
  "mean_format_reward": 0.20703125,
  "mean_group_std": 0.11390282213687897,
  "mean_raw_reward": 0.04296875,
  "mean_response_length": 964.015625,
  "mean_reward": 0.04296875,
  "num_correct_rollouts": 11,
  "num_rollouts": 256,
  "std_raw_reward": 0.20318390429019928,
  "train_updates": 1
}
