{
  "grpo_step": 27,
  "mean_advantage": 9.313225746154785e-10,
  "mean_answer_reward": 0.0859375,
  "mean_format_reward": 0.37109375,
  "mean_group_std": 0.16124600172042847,
  "mean_raw_reward": 0.0859375,
  "mean_response_length": 765.44140625,
  "mean_reward": 0.0859375,
  "num_correct_rollouts": 22,
  "num_rollouts": 256,
  "std_raw_reward": 0.28082075715065,
  "train_updates": 4
}
