{
  "elapsed_seconds": 9125.948450758005,
  "grpo_step": 166,
  "mean_advantage": 5.122274160385132e-09,
  "mean_answer_reward": 0.16796875,
  "mean_format_reward": 0.6796875,
  "mean_group_std": 0.22817997634410858,
  "mean_raw_reward": 0.16796875,
  "mean_response_length": 615.703125,
  "mean_reward": 0.16796875,
  "num_correct_rollouts": 43,
  "num_rollouts": 256,
  "std_raw_reward": 0.3745708465576172,
  "train_updates": 1
}
