{
  "elapsed_seconds": 3356.670309390989,
  "grpo_step": 59,
  "mean_advantage": 1.862645149230957e-09,
  "mean_answer_reward": 0.015625,
  "mean_format_reward": 0.15625,
  "mean_group_std": 0.04419417306780815,
  "mean_raw_reward": 0.015625,
  "mean_response_length": 1032.85546875,
  "mean_reward": 0.015625,
  "num_correct_rollouts": 4,
  "num_rollouts": 256,
  "std_raw_reward": 0.12426253408193588,
  "train_updates": 1
}
