{
  "grpo_step": 8,
  "mean_advantage": 3.259629011154175e-09,
  "mean_answer_reward": 0.05078125,
  "mean_format_reward": 0.37890625,
  "mean_group_std": 0.10376539826393127,
  "mean_raw_reward": 0.05078125,
  "mean_response_length": 782.66796875,
  "mean_reward": 0.05078125,
  "num_correct_rollouts": 13,
  "num_rollouts": 256,
  "std_raw_reward": 0.21998077630996704,
  "train_updates": 1
}
