{
  "grpo_step": 24,
  "mean_advantage": 3.725290298461914e-09,
  "mean_answer_reward": 0.09375,
  "mean_format_reward": 0.5,
  "mean_group_std": 0.19188781082630157,
  "mean_raw_reward": 0.09375,
  "mean_response_length": 612.5078125,
  "mean_reward": 0.09375,
  "num_correct_rollouts": 24,
  "num_rollouts": 256,
  "std_raw_reward": 0.2920515537261963,
  "train_updates": 1
}
