{
  "grpo_step": 3,
  "mean_advantage": 4.6566128730773926e-09,
  "mean_answer_reward": 0.046875,
  "mean_format_reward": 0.18359375,
  "mean_group_std": 0.10968907177448273,
  "mean_raw_reward": 0.046875,
  "mean_response_length": 1013.265625,
  "mean_reward": 0.046875,
  "num_correct_rollouts": 12,
  "num_rollouts": 256,
  "std_raw_reward": 0.21178512275218964,
  "train_updates": 1
}
