{
  "elapsed_seconds": 4919.429336220957,
  "grpo_step": 87,
  "mean_advantage": 4.6566128730773926e-09,
  "mean_answer_reward": 0.0703125,
  "mean_format_reward": 0.3203125,
  "mean_group_std": 0.1445421725511551,
  "mean_raw_reward": 0.0703125,
  "mean_response_length": 876.65234375,
  "mean_reward": 0.0703125,
  "num_correct_rollouts": 18,
  "num_rollouts": 256,
  "std_raw_reward": 0.2561737596988678,
  "train_updates": 1
}
