{
  "grpo_step": 44,
  "mean_advantage": 3.725290298461914e-09,
  "mean_answer_reward": 0.08203125,
  "mean_format_reward": 0.5859375,
  "mean_group_std": 0.14598125219345093,
  "mean_raw_reward": 0.08203125,
  "mean_response_length": 602.14453125,
  "mean_reward": 0.08203125,
  "num_correct_rollouts": 21,
  "num_rollouts": 256,
  "std_raw_reward": 0.274949848651886,
  "train_updates": 1
}
