{
  "elapsed_seconds": 1999.3723348390195,
  "grpo_step": 35,
  "mean_advantage": 2.3283064365386963e-09,
  "mean_answer_reward": 0.0390625,
  "mean_format_reward": 0.30078125,
  "mean_group_std": 0.0875919833779335,
  "mean_raw_reward": 0.0390625,
  "mean_response_length": 874.3203125,
  "mean_reward": 0.0390625,
  "num_correct_rollouts": 10,
  "num_rollouts": 256,
  "std_raw_reward": 0.19412322342395782,
  "train_updates": 1
}
