{
  "elapsed_seconds": 3822.957641468034,
  "grpo_step": 68,
  "mean_advantage": 2.7939677238464355e-09,
  "mean_answer_reward": 0.08203125,
  "mean_format_reward": 0.40234375,
  "mean_group_std": 0.15532232820987701,
  "mean_raw_reward": 0.08203125,
  "mean_response_length": 790.3828125,
  "mean_reward": 0.08203125,
  "num_correct_rollouts": 21,
  "num_rollouts": 256,
  "std_raw_reward": 0.274949848651886,
  "train_updates": 1
}
