{
  "elapsed_seconds": 4976.048049594974,
  "grpo_step": 88,
  "mean_advantage": 3.3760443329811096e-09,
  "mean_answer_reward": 0.03125,
  "mean_format_reward": 0.16796875,
  "mean_group_std": 0.07312605530023575,
  "mean_raw_reward": 0.03125,
  "mean_response_length": 927.94921875,
  "mean_reward": 0.03125,
  "num_correct_rollouts": 8,
  "num_rollouts": 256,
  "std_raw_reward": 0.17433346807956696,
  "train_updates": 1
}
