{
  "elapsed_seconds": 9334.31216992496,
  "grpo_step": 165,
  "mean_advantage": 9.313225746154785e-10,
  "mean_answer_reward": 0.05078125,
  "mean_format_reward": 0.20703125,
  "mean_group_std": 0.10087841749191284,
  "mean_raw_reward": 0.05078125,
  "mean_response_length": 905.5625,
  "mean_reward": 0.05078125,
  "num_correct_rollouts": 13,
  "num_rollouts": 256,
  "std_raw_reward": 0.21998077630996704,
  "train_updates": 1
}
