{
  "elapsed_seconds": 4712.77414683497,
  "grpo_step": 83,
  "mean_advantage": 4.540197551250458e-09,
  "mean_answer_reward": 0.0390625,
  "mean_format_reward": 0.2265625,
  "mean_group_std": 0.09522314369678497,
  "mean_raw_reward": 0.0390625,
  "mean_response_length": 910.21484375,
  "mean_reward": 0.0390625,
  "num_correct_rollouts": 10,
  "num_rollouts": 256,
  "std_raw_reward": 0.19412322342395782,
  "train_updates": 1
}
