{
  "elapsed_seconds": 381.1861334189889,
  "grpo_step": 6,
  "mean_advantage": 3.725290298461914e-09,
  "mean_answer_reward": 0.046875,
  "mean_format_reward": 0.20703125,
  "mean_group_std": 0.09271685779094696,
  "mean_raw_reward": 0.046875,
  "mean_response_length": 1037.87109375,
  "mean_reward": 0.046875,
  "num_correct_rollouts": 12,
  "num_rollouts": 256,
  "std_raw_reward": 0.21178512275218964,
  "train_updates": 1
}
