{
  "grpo_step": 23,
  "mean_advantage": 0.0,
  "mean_answer_reward": 0.078125,
  "mean_format_reward": 0.4453125,
  "mean_group_std": 0.15821176767349243,
  "mean_raw_reward": 0.078125,
  "mean_response_length": 781.76171875,
  "mean_reward": 0.078125,
  "num_correct_rollouts": 20,
  "num_rollouts": 256,
  "std_raw_reward": 0.26889389753341675,
  "train_updates": 1
}
