{
  "elapsed_seconds": 1711.5324242640054,
  "grpo_step": 30,
  "mean_advantage": 3.725290298461914e-09,
  "mean_answer_reward": 0.0625,
  "mean_format_reward": 0.33984375,
  "mean_group_std": 0.1445421725511551,
  "mean_raw_reward": 0.0625,
  "mean_response_length": 848.26171875,
  "mean_reward": 0.0625,
  "num_correct_rollouts": 16,
  "num_rollouts": 256,
  "std_raw_reward": 0.24253562092781067,
  "train_updates": 1
}
