{
  "elapsed_seconds": 3442.514391520992,
  "grpo_step": 61,
  "mean_advantage": 5.587935447692871e-09,
  "mean_answer_reward": 0.05859375,
  "mean_format_reward": 0.328125,
  "mean_group_std": 0.15046586096286774,
  "mean_raw_reward": 0.05859375,
  "mean_response_length": 863.7265625,
  "mean_reward": 0.05859375,
  "num_correct_rollouts": 15,
  "num_rollouts": 256,
  "std_raw_reward": 0.23532283306121826,
  "train_updates": 1
}
