{
  "elapsed_seconds": 1766.8359210290364,
  "grpo_step": 31,
  "mean_advantage": 3.725290298461914e-09,
  "mean_answer_reward": 0.046875,
  "mean_format_reward": 0.2734375,
  "mean_group_std": 0.1173202320933342,
  "mean_raw_reward": 0.046875,
  "mean_response_length": 873.84765625,
  "mean_reward": 0.046875,
  "num_correct_rollouts": 12,
  "num_rollouts": 256,
  "std_raw_reward": 0.21178512275218964,
  "train_updates": 1
}
