{
  "grpo_step": 45,
  "mean_advantage": -1.862645149230957e-09,
  "mean_answer_reward": 0.109375,
  "mean_format_reward": 0.375,
  "mean_group_std": 0.20688171684741974,
  "mean_raw_reward": 0.109375,
  "mean_response_length": 707.09765625,
  "mean_reward": 0.109375,
  "num_correct_rollouts": 28,
  "num_rollouts": 256,
  "std_raw_reward": 0.31272050738334656,
  "train_updates": 4
}
