{
  "elapsed_seconds": 7059.435137149005,
  "grpo_step": 125,
  "mean_advantage": 9.313225746154785e-10,
  "mean_answer_reward": 0.0234375,
  "mean_format_reward": 0.2265625,
  "mean_group_std": 0.06629125773906708,
  "mean_raw_reward": 0.0234375,
  "mean_response_length": 869.0390625,
  "mean_reward": 0.0234375,
  "num_correct_rollouts": 6,
  "num_rollouts": 256,
  "std_raw_reward": 0.15158475935459137,
  "train_updates": 1
}
