{
  "elapsed_seconds": 4900.700052527012,
  "grpo_step": 88,
  "mean_advantage": 7.450580596923828e-09,
  "mean_answer_reward": 0.0859375,
  "mean_format_reward": 0.40234375,
  "mean_group_std": 0.14939865469932556,
  "mean_raw_reward": 0.0859375,
  "mean_response_length": 828.640625,
  "mean_reward": 0.0859375,
  "num_correct_rollouts": 22,
  "num_rollouts": 256,
  "std_raw_reward": 0.28082075715065,
  "train_updates": 1
}
