{
  "elapsed_seconds": 8037.573868864041,
  "grpo_step": 145,
  "mean_advantage": 4.190951585769653e-09,
  "mean_answer_reward": 0.12109375,
  "mean_format_reward": 0.49609375,
  "mean_group_std": 0.21660102903842926,
  "mean_raw_reward": 0.12109375,
  "mean_response_length": 874.91796875,
  "mean_reward": 0.12109375,
  "num_correct_rollouts": 31,
  "num_rollouts": 256,
  "std_raw_reward": 0.326875239610672,
  "train_updates": 1
}
