{
  "grpo_step": 15,
  "mean_advantage": 5.587935447692871e-09,
  "mean_answer_reward": 0.0703125,
  "mean_format_reward": 0.421875,
  "mean_group_std": 0.15900811553001404,
  "mean_raw_reward": 0.0703125,
  "mean_response_length": 841.11328125,
  "mean_reward": 0.0703125,
  "num_correct_rollouts": 18,
  "num_rollouts": 256,
  "std_raw_reward": 0.2561737596988678,
  "train_updates": 1
}
