{
  "elapsed_seconds": 2096.943459884962,
  "grpo_step": 37,
  "mean_advantage": 0.0,
  "mean_answer_reward": 0.03125,
  "mean_format_reward": 0.3671875,
  "mean_group_std": 0.08075720071792603,
  "mean_raw_reward": 0.03125,
  "mean_response_length": 778.9453125,
  "mean_reward": 0.03125,
  "num_correct_rollouts": 8,
  "num_rollouts": 256,
  "std_raw_reward": 0.17433346807956696,
  "train_updates": 1
}
