{
  "elapsed_seconds": 10019.090864948987,
  "grpo_step": 183,
  "mean_advantage": -1.862645149230957e-09,
  "mean_answer_reward": 0.18359375,
  "mean_format_reward": 0.625,
  "mean_group_std": 0.1989797204732895,
  "mean_raw_reward": 0.18359375,
  "mean_response_length": 658.0390625,
  "mean_reward": 0.18359375,
  "num_correct_rollouts": 47,
  "num_rollouts": 256,
  "std_raw_reward": 0.3879109025001526,
  "train_updates": 1
}
