{
  "grpo_step": 25,
  "mean_advantage": -1.862645149230957e-09,
  "mean_answer_reward": 0.07421875,
  "mean_format_reward": 0.375,
  "mean_group_std": 0.16716967523097992,
  "mean_raw_reward": 0.07421875,
  "mean_response_length": 639.40234375,
  "mean_reward": 0.07421875,
  "num_correct_rollouts": 19,
  "num_rollouts": 256,
  "std_raw_reward": 0.2626400291919708,
  "train_updates": 1
}
