{
  "elapsed_seconds": 7931.056477017992,
  "grpo_step": 143,
  "mean_advantage": 8.381903171539307e-09,
  "mean_answer_reward": 0.05859375,
  "mean_format_reward": 0.49609375,
  "mean_group_std": 0.15046584606170654,
  "mean_raw_reward": 0.05859375,
  "mean_response_length": 838.25,
  "mean_reward": 0.05859375,
  "num_correct_rollouts": 15,
  "num_rollouts": 256,
  "std_raw_reward": 0.23532283306121826,
  "train_updates": 1
}
