{
  "elapsed_seconds": 8387.606337703997,
  "grpo_step": 148,
  "mean_advantage": 2.7939677238464355e-09,
  "mean_answer_reward": 0.04296875,
  "mean_format_reward": 0.16796875,
  "mean_group_std": 0.077071413397789,
  "mean_raw_reward": 0.04296875,
  "mean_response_length": 1112.265625,
  "mean_reward": 0.04296875,
  "num_correct_rollouts": 11,
  "num_rollouts": 256,
  "std_raw_reward": 0.20318390429019928,
  "train_updates": 1
}
