{
  "grpo_step": 44,
  "mean_advantage": 0.0,
  "mean_answer_reward": 0.0859375,
  "mean_format_reward": 0.484375,
  "mean_group_std": 0.13664264976978302,
  "mean_raw_reward": 0.0859375,
  "mean_response_length": 778.8203125,
  "mean_reward": 0.0859375,
  "num_correct_rollouts": 22,
  "num_rollouts": 256,
  "std_raw_reward": 0.28082075715065,
  "train_updates": 1
}
