{
  "grpo_step": 34,
  "mean_advantage": 0.0,
  "mean_answer_reward": 0.1640625,
  "mean_format_reward": 0.5546875,
  "mean_group_std": 0.2693374752998352,
  "mean_raw_reward": 0.1640625,
  "mean_response_length": 609.9296875,
  "mean_reward": 0.1640625,
  "num_correct_rollouts": 42,
  "num_rollouts": 256,
  "std_raw_reward": 0.3710577189922333,
  "train_updates": 1
}
