{
  "elapsed_seconds": 224.74677662499016,
  "grpo_step": 3,
  "mean_advantage": 2.7939677238464355e-09,
  "mean_answer_reward": 0.0390625,
  "mean_format_reward": 0.1796875,
  "mean_group_std": 0.06890985369682312,
  "mean_raw_reward": 0.0390625,
  "mean_response_length": 861.97265625,
  "mean_reward": 0.0390625,
  "num_correct_rollouts": 10,
  "num_rollouts": 256,
  "std_raw_reward": 0.19412322342395782,
  "train_updates": 1
}
