{
  "elapsed_seconds": 2488.830869739002,
  "grpo_step": 43,
  "mean_advantage": 3.725290298461914e-09,
  "mean_answer_reward": 0.05078125,
  "mean_format_reward": 0.21484375,
  "mean_group_std": 0.11310647428035736,
  "mean_raw_reward": 0.05078125,
  "mean_response_length": 986.8515625,
  "mean_reward": 0.05078125,
  "num_correct_rollouts": 13,
  "num_rollouts": 256,
  "std_raw_reward": 0.21998077630996704,
  "train_updates": 1
}
