{
  "elapsed_seconds": 10121.753436152008,
  "grpo_step": 185,
  "mean_advantage": -6.984919309616089e-10,
  "mean_answer_reward": 0.15625,
  "mean_format_reward": 0.6796875,
  "mean_group_std": 0.20661331713199615,
  "mean_raw_reward": 0.15625,
  "mean_response_length": 547.5625,
  "mean_reward": 0.15625,
  "num_correct_rollouts": 40,
  "num_rollouts": 256,
  "std_raw_reward": 0.3638034462928772,
  "train_updates": 1
}
