{
  "elapsed_seconds": 3193.24232682999,
  "grpo_step": 56,
  "mean_advantage": 5.587935447692871e-09,
  "mean_answer_reward": 0.04296875,
  "mean_format_reward": 0.2109375,
  "mean_group_std": 0.08929946273565292,
  "mean_raw_reward": 0.04296875,
  "mean_response_length": 896.01953125,
  "mean_reward": 0.04296875,
  "num_correct_rollouts": 11,
  "num_rollouts": 256,
  "std_raw_reward": 0.20318390429019928,
  "train_updates": 1
}
