{
  "elapsed_seconds": 929.1185441699927,
  "grpo_step": 16,
  "mean_advantage": 2.7939677238464355e-09,
  "mean_answer_reward": 0.0625,
  "mean_format_reward": 0.23828125,
  "mean_group_std": 0.12927989661693573,
  "mean_raw_reward": 0.0625,
  "mean_response_length": 938.4296875,
  "mean_reward": 0.0625,
  "num_correct_rollouts": 16,
  "num_rollouts": 256,
  "std_raw_reward": 0.24253562092781067,
  "train_updates": 1
}
