{
  "grpo_step": 42,
  "mean_advantage": 6.51925802230835e-09,
  "mean_answer_reward": 0.046875,
  "mean_format_reward": 0.33984375,
  "mean_group_std": 0.1173202246427536,
  "mean_raw_reward": 0.046875,
  "mean_response_length": 837.69921875,
  "mean_reward": 0.046875,
  "num_correct_rollouts": 12,
  "num_rollouts": 256,
  "std_raw_reward": 0.21178512275218964,
  "train_updates": 1
}
