{
  "elapsed_seconds": 10916.378776080033,
  "grpo_step": 200,
  "mean_advantage": 8.381903171539307e-09,
  "mean_answer_reward": 0.17578125,
  "mean_format_reward": 0.70703125,
  "mean_group_std": 0.28342515230178833,
  "mean_raw_reward": 0.17578125,
  "mean_response_length": 586.7734375,
  "mean_reward": 0.17578125,
  "num_correct_rollouts": 45,
  "num_rollouts": 256,
  "std_raw_reward": 0.38137954473495483,
  "train_updates": 1
}
