{
  "elapsed_seconds": 3889.571613862994,
  "grpo_step": 70,
  "mean_advantage": 1.862645149230957e-09,
  "mean_answer_reward": 0.01953125,
  "mean_format_reward": 0.56640625,
  "mean_group_std": 0.0382704995572567,
  "mean_raw_reward": 0.01953125,
  "mean_response_length": 590.8046875,
  "mean_reward": 0.01953125,
  "num_correct_rollouts": 5,
  "num_rollouts": 256,
  "std_raw_reward": 0.13865379989147186,
  "train_updates": 1
}
