{
  "elapsed_seconds": 9877.457524302008,
  "grpo_step": 189,
  "mean_advantage": 0.0,
  "mean_answer_reward": 0.0078125,
  "mean_format_reward": 0.25390625,
  "mean_group_std": 0.01446593925356865,
  "mean_raw_reward": 0.0078125,
  "mean_response_length": 778.25390625,
  "mean_reward": 0.0078125,
  "num_correct_rollouts": 2,
  "num_rollouts": 256,
  "std_raw_reward": 0.08821486681699753,
  "train_updates": 1
}
