{
  "elapsed_seconds": 701.1607685280032,
  "grpo_step": 12,
  "mean_advantage": 1.862645149230957e-09,
  "mean_answer_reward": 0.046875,
  "mean_format_reward": 0.21875,
  "mean_group_std": 0.0974610224366188,
  "mean_raw_reward": 0.046875,
  "mean_response_length": 928.32421875,
  "mean_reward": 0.046875,
  "num_correct_rollouts": 12,
  "num_rollouts": 256,
  "std_raw_reward": 0.21178512275218964,
  "train_updates": 1
}
