{
  "grpo_step": 41,
  "mean_advantage": 6.51925802230835e-09,
  "mean_answer_reward": 0.09765625,
  "mean_format_reward": 0.31640625,
  "mean_group_std": 0.19898854196071625,
  "mean_raw_reward": 0.09765625,
  "mean_response_length": 891.140625,
  "mean_reward": 0.09765625,
  "num_correct_rollouts": 25,
  "num_rollouts": 256,
  "std_raw_reward": 0.29743078351020813,
  "train_updates": 1
}
