{
  "grpo_step": 46,
  "mean_advantage": 0.0,
  "mean_answer_reward": 0.1484375,
  "mean_format_reward": 0.55078125,
  "mean_group_std": 0.17715348303318024,
  "mean_raw_reward": 0.1484375,
  "mean_response_length": 811.703125,
  "mean_reward": 0.1484375,
  "num_correct_rollouts": 38,
  "num_rollouts": 256,
  "std_raw_reward": 0.3562295734882355,
  "train_updates": 1
}
