{
  "elapsed_seconds": 6376.569397810963,
  "grpo_step": 113,
  "mean_advantage": 2.7939677238464355e-09,
  "mean_answer_reward": 0.046875,
  "mean_format_reward": 0.25,
  "mean_group_std": 0.10205793380737305,
  "mean_raw_reward": 0.046875,
  "mean_response_length": 791.84375,
  "mean_reward": 0.046875,
  "num_correct_rollouts": 12,
  "num_rollouts": 256,
  "std_raw_reward": 0.21178512275218964,
  "train_updates": 1
}
