{
  "elapsed_seconds": 8225.853037024965,
  "grpo_step": 145,
  "mean_advantage": 4.190951585769653e-09,
  "mean_answer_reward": 0.0390625,
  "mean_format_reward": 0.19140625,
  "mean_group_std": 0.10285428166389465,
  "mean_raw_reward": 0.0390625,
  "mean_response_length": 1144.6171875,
  "mean_reward": 0.0390625,
  "num_correct_rollouts": 10,
  "num_rollouts": 256,
  "std_raw_reward": 0.19412322342395782,
  "train_updates": 1
}
