{
  "elapsed_seconds": 1583.9138681519544,
  "grpo_step": 27,
  "mean_advantage": 1.862645149230957e-09,
  "mean_answer_reward": 0.03515625,
  "mean_format_reward": 0.23046875,
  "mean_group_std": 0.08417459577322006,
  "mean_raw_reward": 0.03515625,
  "mean_response_length": 1041.25,
  "mean_reward": 0.03515625,
  "num_correct_rollouts": 9,
  "num_rollouts": 256,
  "std_raw_reward": 0.18453538417816162,
  "train_updates": 1
}
