{
  "elapsed_seconds": 1659.5977850120398,
  "grpo_step": 29,
  "mean_advantage": 2.3283064365386963e-09,
  "mean_answer_reward": 0.06640625,
  "mean_format_reward": 0.3125,
  "mean_group_std": 0.12335620820522308,
  "mean_raw_reward": 0.06640625,
  "mean_response_length": 901.93359375,
  "mean_reward": 0.06640625,
  "num_correct_rollouts": 17,
  "num_rollouts": 256,
  "std_raw_reward": 0.24947862327098846,
  "train_updates": 1
}
