{
  "grpo_step": 30,
  "mean_advantage": 3.725290298461914e-09,
  "mean_answer_reward": 0.05078125,
  "mean_format_reward": 0.37109375,
  "mean_group_std": 0.12073762714862823,
  "mean_raw_reward": 0.05078125,
  "mean_response_length": 825.8125,
  "mean_reward": 0.05078125,
  "num_correct_rollouts": 13,
  "num_rollouts": 256,
  "std_raw_reward": 0.21998077630996704,
  "train_updates": 4
}
