{
  "grpo_step": 36,
  "mean_advantage": 4.6566128730773926e-09,
  "mean_answer_reward": 0.0703125,
  "mean_format_reward": 0.33984375,
  "mean_group_std": 0.13743899762630463,
  "mean_raw_reward": 0.0703125,
  "mean_response_length": 872.5703125,
  "mean_reward": 0.0703125,
  "num_correct_rollouts": 18,
  "num_rollouts": 256,
  "std_raw_reward": 0.2561737596988678,
  "train_updates": 1
}
