{
  "elapsed_seconds": 8645.81863467599,
  "grpo_step": 157,
  "mean_advantage": 3.725290298461914e-09,
  "mean_answer_reward": 0.140625,
  "mean_format_reward": 0.60546875,
  "mean_group_std": 0.19465364515781403,
  "mean_raw_reward": 0.140625,
  "mean_response_length": 668.78515625,
  "mean_reward": 0.140625,
  "num_correct_rollouts": 36,
  "num_rollouts": 256,
  "std_raw_reward": 0.3483152687549591,
  "train_updates": 1
}
