{
  "grpo_step": 20,
  "mean_advantage": 5.3551048040390015e-09,
  "mean_answer_reward": 0.09375,
  "mean_format_reward": 0.30078125,
  "mean_group_std": 0.20832715928554535,
  "mean_raw_reward": 0.09375,
  "mean_response_length": 940.45703125,
  "mean_reward": 0.09375,
  "num_correct_rollouts": 24,
  "num_rollouts": 256,
  "std_raw_reward": 0.2920515537261963,
  "train_updates": 1
}
