{
  "grpo_step": 38,
  "mean_advantage": 7.450580596923828e-09,
  "mean_answer_reward": 0.13671875,
  "mean_format_reward": 0.58984375,
  "mean_group_std": 0.18804985284805298,
  "mean_raw_reward": 0.13671875,
  "mean_response_length": 556.92578125,
  "mean_reward": 0.13671875,
  "num_correct_rollouts": 35,
  "num_rollouts": 256,
  "std_raw_reward": 0.34422317147254944,
  "train_updates": 1
}
