{
  "elapsed_seconds": 2436.7667251299717,
  "grpo_step": 43,
  "mean_advantage": -9.313225746154785e-10,
  "mean_answer_reward": 0.03515625,
  "mean_format_reward": 0.33984375,
  "mean_group_std": 0.07194654643535614,
  "mean_raw_reward": 0.03515625,
  "mean_response_length": 815.1328125,
  "mean_reward": 0.03515625,
  "num_correct_rollouts": 9,
  "num_rollouts": 256,
  "std_raw_reward": 0.18453538417816162,
  "train_updates": 1
}
