{
  "grpo_step": 31,
  "mean_advantage": 3.259629011154175e-09,
  "mean_answer_reward": 0.08984375,
  "mean_format_reward": 0.29296875,
  "mean_group_std": 0.16044721007347107,
  "mean_raw_reward": 0.08984375,
  "mean_response_length": 970.73828125,
  "mean_reward": 0.08984375,
  "num_correct_rollouts": 23,
  "num_rollouts": 256,
  "std_raw_reward": 0.2865179181098938,
  "train_updates": 1
}
