{
  "grpo_step": 5,
  "mean_advantage": 3.725290298461914e-09,
  "mean_answer_reward": 0.05859375,
  "mean_format_reward": 0.21875,
  "mean_group_std": 0.11060018837451935,
  "mean_raw_reward": 0.05859375,
  "mean_response_length": 868.30859375,
  "mean_reward": 0.05859375,
  "num_correct_rollouts": 15,
  "num_rollouts": 256,
  "std_raw_reward": 0.23532283306121826,
  "train_updates": 1
}
