{
  "grpo_step": 47,
  "mean_advantage": 7.450580596923828e-09,
  "mean_answer_reward": 0.1640625,
  "mean_format_reward": 0.48828125,
  "mean_group_std": 0.2565814256668091,
  "mean_raw_reward": 0.1640625,
  "mean_response_length": 718.23828125,
  "mean_reward": 0.1640625,
  "num_correct_rollouts": 42,
  "num_rollouts": 256,
  "std_raw_reward": 0.3710577189922333,
  "train_updates": 4
}
