{
  "elapsed_seconds": 9436.700249141024,
  "grpo_step": 172,
  "mean_advantage": 1.862645149230957e-09,
  "mean_answer_reward": 0.14453125,
  "mean_format_reward": 0.63671875,
  "mean_group_std": 0.2213452011346817,
  "mean_raw_reward": 0.14453125,
  "mean_response_length": 691.8046875,
  "mean_reward": 0.14453125,
  "num_correct_rollouts": 37,
  "num_rollouts": 256,
  "std_raw_reward": 0.35231637954711914,
  "train_updates": 1
}
