{
  "elapsed_seconds": 10372.202145596966,
  "grpo_step": 183,
  "mean_advantage": 2.7939677238464355e-09,
  "mean_answer_reward": 0.06640625,
  "mean_format_reward": 0.21875,
  "mean_group_std": 0.11758224666118622,
  "mean_raw_reward": 0.06640625,
  "mean_response_length": 963.6328125,
  "mean_reward": 0.06640625,
  "num_correct_rollouts": 17,
  "num_rollouts": 256,
  "std_raw_reward": 0.24947862327098846,
  "train_updates": 1
}
