{
  "elapsed_seconds": 1526.4051953269518,
  "grpo_step": 26,
  "mean_advantage": 9.313225746154785e-10,
  "mean_answer_reward": 0.01953125,
  "mean_format_reward": 0.1640625,
  "mean_group_std": 0.055242717266082764,
  "mean_raw_reward": 0.01953125,
  "mean_response_length": 1017.2421875,
  "mean_reward": 0.01953125,
  "num_correct_rollouts": 5,
  "num_rollouts": 256,
  "std_raw_reward": 0.13865379989147186,
  "train_updates": 1
}
