{
  "grpo_step": 5,
  "mean_advantage": 0.0,
  "mean_answer_reward": 0.0703125,
  "mean_format_reward": 0.2421875,
  "mean_group_std": 0.1361146867275238,
  "mean_raw_reward": 0.0703125,
  "mean_response_length": 801.7265625,
  "mean_reward": 0.0703125,
  "num_correct_rollouts": 18,
  "num_rollouts": 256,
  "std_raw_reward": 0.2561737596988678,
  "train_updates": 1
}
