{
  "elapsed_seconds": 10708.44061177998,
  "grpo_step": 189,
  "mean_advantage": 5.587935447692871e-09,
  "mean_answer_reward": 0.046875,
  "mean_format_reward": 0.2265625,
  "mean_group_std": 0.10968907922506332,
  "mean_raw_reward": 0.046875,
  "mean_response_length": 965.92578125,
  "mean_reward": 0.046875,
  "num_correct_rollouts": 12,
  "num_rollouts": 256,
  "std_raw_reward": 0.21178512275218964,
  "train_updates": 1
}
