{
  "elapsed_seconds": 10225.388371996,
  "grpo_step": 187,
  "mean_advantage": 5.122274160385132e-09,
  "mean_answer_reward": 0.16796875,
  "mean_format_reward": 0.6640625,
  "mean_group_std": 0.25289568305015564,
  "mean_raw_reward": 0.16796875,
  "mean_response_length": 620.60546875,
  "mean_reward": 0.16796875,
  "num_correct_rollouts": 43,
  "num_rollouts": 256,
  "std_raw_reward": 0.3745708465576172,
  "train_updates": 1
}
