{
  "elapsed_seconds": 1929.7944106280338,
  "grpo_step": 34,
  "mean_advantage": 3.259629011154175e-09,
  "mean_answer_reward": 0.05859375,
  "mean_format_reward": 0.31640625,
  "mean_group_std": 0.14283470809459686,
  "mean_raw_reward": 0.05859375,
  "mean_response_length": 674.71875,
  "mean_reward": 0.05859375,
  "num_correct_rollouts": 15,
  "num_rollouts": 256,
  "std_raw_reward": 0.23532283306121826,
  "train_updates": 1
}
