{
  "elapsed_seconds": 10987.22372376098,
  "grpo_step": 194,
  "mean_advantage": 5.587935447692871e-09,
  "mean_answer_reward": 0.06640625,
  "mean_format_reward": 0.265625,
  "mean_group_std": 0.1357315182685852,
  "mean_raw_reward": 0.06640625,
  "mean_response_length": 876.51953125,
  "mean_reward": 0.06640625,
  "num_correct_rollouts": 17,
  "num_rollouts": 256,
  "std_raw_reward": 0.24947862327098846,
  "train_updates": 1
}
