{
  "grpo_step": 32,
  "mean_advantage": 3.725290298461914e-09,
  "mean_answer_reward": 0.10546875,
  "mean_format_reward": 0.41015625,
  "mean_group_std": 0.17886096239089966,
  "mean_raw_reward": 0.10546875,
  "mean_response_length": 926.9609375,
  "mean_reward": 0.10546875,
  "num_correct_rollouts": 27,
  "num_rollouts": 256,
  "std_raw_reward": 0.3077581524848938,
  "train_updates": 4
}
