{
  "elapsed_seconds": 5424.135621714988,
  "grpo_step": 98,
  "mean_advantage": 3.725290298461914e-09,
  "mean_answer_reward": 0.0546875,
  "mean_format_reward": 0.453125,
  "mean_group_std": 0.12244509160518646,
  "mean_raw_reward": 0.0546875,
  "mean_response_length": 795.20703125,
  "mean_reward": 0.0546875,
  "num_correct_rollouts": 14,
  "num_rollouts": 256,
  "std_raw_reward": 0.22781464457511902,
  "train_updates": 1
}
