{
  "grpo_step": 21,
  "mean_advantage": 3.725290298461914e-09,
  "mean_answer_reward": 0.03515625,
  "mean_format_reward": 0.2734375,
  "mean_group_std": 0.08417459577322006,
  "mean_raw_reward": 0.03515625,
  "mean_response_length": 994.72265625,
  "mean_reward": 0.03515625,
  "num_correct_rollouts": 9,
  "num_rollouts": 256,
  "std_raw_reward": 0.18453538417816162,
  "train_updates": 1
}
