{
  "grpo_step": 49,
  "mean_advantage": 1.862645149230957e-09,
  "mean_answer_reward": 0.15625,
  "mean_format_reward": 0.5546875,
  "mean_group_std": 0.2588193714618683,
  "mean_raw_reward": 0.15625,
  "mean_response_length": 494.01171875,
  "mean_reward": 0.15625,
  "num_correct_rollouts": 40,
  "num_rollouts": 256,
  "std_raw_reward": 0.3638034462928772,
  "train_updates": 1
}
