{
  "elapsed_seconds": 1031.6853714809986,
  "grpo_step": 18,
  "mean_advantage": 4.6566128730773926e-09,
  "mean_answer_reward": 0.0390625,
  "mean_format_reward": 0.23828125,
  "mean_group_std": 0.09522314369678497,
  "mean_raw_reward": 0.0390625,
  "mean_response_length": 950.33984375,
  "mean_reward": 0.0390625,
  "num_correct_rollouts": 10,
  "num_rollouts": 256,
  "std_raw_reward": 0.19412322342395782,
  "train_updates": 1
}
