{
  "elapsed_seconds": 2196.630331786,
  "grpo_step": 38,
  "mean_advantage": 3.6088749766349792e-09,
  "mean_answer_reward": 0.03515625,
  "mean_format_reward": 0.19921875,
  "mean_group_std": 0.07654345035552979,
  "mean_raw_reward": 0.03515625,
  "mean_response_length": 1008.19140625,
  "mean_reward": 0.03515625,
  "num_correct_rollouts": 9,
  "num_rollouts": 256,
  "std_raw_reward": 0.18453538417816162,
  "train_updates": 1
}
