{
  "grpo_step": 35,
  "mean_advantage": 1.0244548320770264e-08,
  "mean_answer_reward": 0.07421875,
  "mean_format_reward": 0.33984375,
  "mean_group_std": 0.17939771711826324,
  "mean_raw_reward": 0.07421875,
  "mean_response_length": 851.2578125,
  "mean_reward": 0.07421875,
  "num_correct_rollouts": 19,
  "num_rollouts": 256,
  "std_raw_reward": 0.2626400291919708,
  "train_updates": 1
}
