{
  "elapsed_seconds": 597.3711619970272,
  "grpo_step": 10,
  "mean_advantage": 1.862645149230957e-09,
  "mean_answer_reward": 0.0234375,
  "mean_format_reward": 0.23046875,
  "mean_group_std": 0.05102896690368652,
  "mean_raw_reward": 0.0234375,
  "mean_response_length": 785.015625,
  "mean_reward": 0.0234375,
  "num_correct_rollouts": 6,
  "num_rollouts": 256,
  "std_raw_reward": 0.15158475935459137,
  "train_updates": 1
}
