{
  "elapsed_seconds": 3246.770017818024,
  "grpo_step": 58,
  "mean_advantage": 1.862645149230957e-09,
  "mean_answer_reward": 0.08203125,
  "mean_format_reward": 0.328125,
  "mean_group_std": 0.1374414563179016,
  "mean_raw_reward": 0.08203125,
  "mean_response_length": 906.8203125,
  "mean_reward": 0.08203125,
  "num_correct_rollouts": 21,
  "num_rollouts": 256,
  "std_raw_reward": 0.274949848651886,
  "train_updates": 1
}
