{
  "grpo_step": 20,
  "mean_advantage": 1.862645149230957e-09,
  "mean_answer_reward": 0.07421875,
  "mean_format_reward": 0.3671875,
  "mean_group_std": 0.1442762315273285,
  "mean_raw_reward": 0.07421875,
  "mean_response_length": 852.82421875,
  "mean_reward": 0.07421875,
  "num_correct_rollouts": 19,
  "num_rollouts": 256,
  "std_raw_reward": 0.2626400291919708,
  "train_updates": 4
}
