{
  "elapsed_seconds": 6711.187141466013,
  "grpo_step": 121,
  "mean_advantage": -1.862645149230957e-09,
  "mean_answer_reward": 0.15234375,
  "mean_format_reward": 0.51953125,
  "mean_group_std": 0.23421843349933624,
  "mean_raw_reward": 0.15234375,
  "mean_response_length": 817.87109375,
  "mean_reward": 0.15234375,
  "num_correct_rollouts": 39,
  "num_rollouts": 256,
  "std_raw_reward": 0.36005768179893494,
  "train_updates": 1
}
