{
  "elapsed_seconds": 10644.596059645992,
  "grpo_step": 188,
  "mean_advantage": 2.7939677238464355e-09,
  "mean_answer_reward": 0.05859375,
  "mean_format_reward": 0.30078125,
  "mean_group_std": 0.13178372383117676,
  "mean_raw_reward": 0.05859375,
  "mean_response_length": 734.8671875,
  "mean_reward": 0.05859375,
  "num_correct_rollouts": 15,
  "num_rollouts": 256,
  "std_raw_reward": 0.23532283306121826,
  "train_updates": 1
}
