{
  "elapsed_seconds": 5939.179683461029,
  "grpo_step": 107,
  "mean_advantage": 4.6566128730773926e-09,
  "mean_answer_reward": 0.14453125,
  "mean_format_reward": 0.49609375,
  "mean_group_std": 0.23079858720302582,
  "mean_raw_reward": 0.14453125,
  "mean_response_length": 665.19921875,
  "mean_reward": 0.14453125,
  "num_correct_rollouts": 37,
  "num_rollouts": 256,
  "std_raw_reward": 0.35231637954711914,
  "train_updates": 1
}
