{
  "grpo_step": 50,
  "mean_advantage": 7.450580596923828e-09,
  "mean_answer_reward": 0.1875,
  "mean_format_reward": 0.6328125,
  "mean_group_std": 0.2571094036102295,
  "mean_raw_reward": 0.1875,
  "mean_response_length": 429.44140625,
  "mean_reward": 0.1875,
  "num_correct_rollouts": 48,
  "num_rollouts": 256,
  "std_raw_reward": 0.3910769522190094,
  "train_updates": 1
}
