{
  "grpo_step": 44,
  "mean_advantage": -1.862645149230957e-09,
  "mean_answer_reward": 0.08203125,
  "mean_format_reward": 0.40625,
  "mean_group_std": 0.1349351704120636,
  "mean_raw_reward": 0.08203125,
  "mean_response_length": 804.55859375,
  "mean_reward": 0.08203125,
  "num_correct_rollouts": 21,
  "num_rollouts": 256,
  "std_raw_reward": 0.274949848651886,
  "train_updates": 4
}
