{
  "elapsed_seconds": 2612.09987944999,
  "grpo_step": 46,
  "mean_advantage": 1.862645149230957e-09,
  "mean_answer_reward": 0.05078125,
  "mean_format_reward": 0.3125,
  "mean_group_std": 0.11902768909931183,
  "mean_raw_reward": 0.05078125,
  "mean_response_length": 840.21484375,
  "mean_reward": 0.05078125,
  "num_correct_rollouts": 13,
  "num_rollouts": 256,
  "std_raw_reward": 0.21998077630996704,
  "train_updates": 1
}
