{
  "elapsed_seconds": 8117.553726242972,
  "grpo_step": 143,
  "mean_advantage": 3.725290298461914e-09,
  "mean_answer_reward": 0.03125,
  "mean_format_reward": 0.18359375,
  "mean_group_std": 0.08075720071792603,
  "mean_raw_reward": 0.03125,
  "mean_response_length": 1103.99609375,
  "mean_reward": 0.03125,
  "num_correct_rollouts": 8,
  "num_rollouts": 256,
  "std_raw_reward": 0.17433346807956696,
  "train_updates": 1
}
