{
  "elapsed_seconds": 2598.754392271978,
  "grpo_step": 46,
  "mean_advantage": 2.7939677238464355e-09,
  "mean_answer_reward": 0.02734375,
  "mean_format_reward": 0.3046875,
  "mean_group_std": 0.062077511101961136,
  "mean_raw_reward": 0.02734375,
  "mean_response_length": 828.73828125,
  "mean_reward": 0.02734375,
  "num_correct_rollouts": 7,
  "num_rollouts": 256,
  "std_raw_reward": 0.1634024679660797,
  "train_updates": 1
}
