{
  "grpo_step": 27,
  "mean_advantage": 0.0,
  "mean_answer_reward": 0.0390625,
  "mean_format_reward": 0.28125,
  "mean_group_std": 0.10285428911447525,
  "mean_raw_reward": 0.0390625,
  "mean_response_length": 953.6171875,
  "mean_reward": 0.0390625,
  "num_correct_rollouts": 10,
  "num_rollouts": 256,
  "std_raw_reward": 0.19412322342395782,
  "train_updates": 1
}
