{
  "elapsed_seconds": 5786.226918336004,
  "grpo_step": 104,
  "mean_advantage": 1.3969838619232178e-09,
  "mean_answer_reward": 0.0546875,
  "mean_format_reward": 0.46484375,
  "mean_group_std": 0.11481393873691559,
  "mean_raw_reward": 0.0546875,
  "mean_response_length": 726.9765625,
  "mean_reward": 0.0546875,
  "num_correct_rollouts": 14,
  "num_rollouts": 256,
  "std_raw_reward": 0.22781464457511902,
  "train_updates": 1
}
