{
  "grpo_step": 23,
  "mean_advantage": 0.0,
  "mean_answer_reward": 0.16796875,
  "mean_format_reward": 0.52734375,
  "mean_group_std": 0.2194880247116089,
  "mean_raw_reward": 0.16796875,
  "mean_response_length": 805.796875,
  "mean_reward": 0.16796875,
  "num_correct_rollouts": 43,
  "num_rollouts": 256,
  "std_raw_reward": 0.3745708465576172,
  "train_updates": 1
}
