{
  "elapsed_seconds": 6410.2044187540305,
  "grpo_step": 116,
  "mean_advantage": 0.0,
  "mean_answer_reward": 0.09375,
  "mean_format_reward": 0.48828125,
  "mean_group_std": 0.1533464640378952,
  "mean_raw_reward": 0.09375,
  "mean_response_length": 801.73828125,
  "mean_reward": 0.09375,
  "num_correct_rollouts": 24,
  "num_rollouts": 256,
  "std_raw_reward": 0.2920515537261963,
  "train_updates": 1
}
