{
  "elapsed_seconds": 2760.450206649024,
  "grpo_step": 49,
  "mean_advantage": 5.587935447692871e-09,
  "mean_answer_reward": 0.0546875,
  "mean_format_reward": 0.3203125,
  "mean_group_std": 0.13178615272045135,
  "mean_raw_reward": 0.0546875,
  "mean_response_length": 706.58203125,
  "mean_reward": 0.0546875,
  "num_correct_rollouts": 14,
  "num_rollouts": 256,
  "std_raw_reward": 0.22781464457511902,
  "train_updates": 1
}
