{
  "grpo_step": 4,
  "mean_advantage": 3.725290298461914e-09,
  "mean_answer_reward": 0.04296875,
  "mean_format_reward": 0.19921875,
  "mean_group_std": 0.0969306081533432,
  "mean_raw_reward": 0.04296875,
  "mean_response_length": 946.23046875,
  "mean_reward": 0.04296875,
  "num_correct_rollouts": 11,
  "num_rollouts": 256,
  "std_raw_reward": 0.20318390429019928,
  "train_updates": 1
}
