{
  "elapsed_seconds": 2142.538318509003,
  "grpo_step": 37,
  "mean_advantage": 4.190951585769653e-09,
  "mean_answer_reward": 0.0390625,
  "mean_format_reward": 0.2421875,
  "mean_group_std": 0.0875919908285141,
  "mean_raw_reward": 0.0390625,
  "mean_response_length": 934.97265625,
  "mean_reward": 0.0390625,
  "num_correct_rollouts": 10,
  "num_rollouts": 256,
  "std_raw_reward": 0.19412322342395782,
  "train_updates": 1
}
