{
  "grpo_step": 40,
  "mean_advantage": 1.862645149230957e-09,
  "mean_answer_reward": 0.03515625,
  "mean_format_reward": 0.359375,
  "mean_group_std": 0.07194654643535614,
  "mean_raw_reward": 0.03515625,
  "mean_response_length": 803.6328125,
  "mean_reward": 0.03515625,
  "num_correct_rollouts": 9,
  "num_rollouts": 256,
  "std_raw_reward": 0.18453538417816162,
  "train_updates": 1
}
