{
  "elapsed_seconds": 10542.654390628973,
  "grpo_step": 186,
  "mean_advantage": 3.725290298461914e-09,
  "mean_answer_reward": 0.05859375,
  "mean_format_reward": 0.25,
  "mean_group_std": 0.1258624792098999,
  "mean_raw_reward": 0.05859375,
  "mean_response_length": 1035.0546875,
  "mean_reward": 0.05859375,
  "num_correct_rollouts": 15,
  "num_rollouts": 256,
  "std_raw_reward": 0.23532283306121826,
  "train_updates": 1
}
