{
  "grpo_step": 7,
  "mean_advantage": 6.51925802230835e-09,
  "mean_answer_reward": 0.03125,
  "mean_format_reward": 0.3125,
  "mean_group_std": 0.08075720071792603,
  "mean_raw_reward": 0.03125,
  "mean_response_length": 893.26171875,
  "mean_reward": 0.03125,
  "num_correct_rollouts": 8,
  "num_rollouts": 256,
  "std_raw_reward": 0.17433346807956696,
  "train_updates": 1
}
