{
  "grpo_step": 22,
  "mean_advantage": 6.51925802230835e-09,
  "mean_answer_reward": 0.125,
  "mean_format_reward": 0.484375,
  "mean_group_std": 0.22593966126441956,
  "mean_raw_reward": 0.125,
  "mean_response_length": 893.63671875,
  "mean_reward": 0.125,
  "num_correct_rollouts": 32,
  "num_rollouts": 256,
  "std_raw_reward": 0.33136674761772156,
  "train_updates": 1
}
