{
  "elapsed_seconds": 4521.972384539957,
  "grpo_step": 80,
  "mean_advantage": 2.3283064365386963e-09,
  "mean_answer_reward": 0.04296875,
  "mean_format_reward": 0.23046875,
  "mean_group_std": 0.0969306081533432,
  "mean_raw_reward": 0.04296875,
  "mean_response_length": 912.1640625,
  "mean_reward": 0.04296875,
  "num_correct_rollouts": 11,
  "num_rollouts": 256,
  "std_raw_reward": 0.20318390429019928,
  "train_updates": 1
}
