{
  "grpo_step": 28,
  "mean_advantage": 5.587935447692871e-09,
  "mean_answer_reward": 0.0703125,
  "mean_format_reward": 0.3828125,
  "mean_group_std": 0.16071803867816925,
  "mean_raw_reward": 0.0703125,
  "mean_response_length": 889.45703125,
  "mean_reward": 0.0703125,
  "num_correct_rollouts": 18,
  "num_rollouts": 256,
  "std_raw_reward": 0.2561737596988678,
  "train_updates": 4
}
