{
  "grpo_step": 5,
  "mean_advantage": 4.6566128730773926e-09,
  "mean_answer_reward": 0.07421875,
  "mean_format_reward": 0.25,
  "mean_group_std": 0.15019746124744415,
  "mean_raw_reward": 0.07421875,
  "mean_response_length": 801.76953125,
  "mean_reward": 0.07421875,
  "num_correct_rollouts": 19,
  "num_rollouts": 256,
  "std_raw_reward": 0.2626400291919708,
  "train_updates": 1
}
