{
  "grpo_step": 48,
  "mean_advantage": 2.7939677238464355e-09,
  "mean_answer_reward": 0.0546875,
  "mean_format_reward": 0.33984375,
  "mean_group_std": 0.12244509160518646,
  "mean_raw_reward": 0.0546875,
  "mean_response_length": 785.53515625,
  "mean_reward": 0.0546875,
  "num_correct_rollouts": 14,
  "num_rollouts": 256,
  "std_raw_reward": 0.22781464457511902,
  "train_updates": 1
}
