{
  "elapsed_seconds": 8798.452449552016,
  "grpo_step": 160,
  "mean_advantage": 4.6566128730773926e-09,
  "mean_answer_reward": 0.11328125,
  "mean_format_reward": 0.62890625,
  "mean_group_std": 0.18766914308071136,
  "mean_raw_reward": 0.11328125,
  "mean_response_length": 689.97265625,
  "mean_reward": 0.11328125,
  "num_correct_rollouts": 29,
  "num_rollouts": 256,
  "std_raw_reward": 0.31755712628364563,
  "train_updates": 1
}
