{
  "grpo_step": 9,
  "mean_advantage": 0.0,
  "mean_answer_reward": 0.109375,
  "mean_format_reward": 0.37890625,
  "mean_group_std": 0.21568991243839264,
  "mean_raw_reward": 0.109375,
  "mean_response_length": 802.18359375,
  "mean_reward": 0.109375,
  "num_correct_rollouts": 28,
  "num_rollouts": 256,
  "std_raw_reward": 0.31272050738334656,
  "train_updates": 1
}
