{
  "elapsed_seconds": 482.95274250995135,
  "grpo_step": 8,
  "mean_advantage": 4.6566128730773926e-09,
  "mean_answer_reward": 0.04296875,
  "mean_format_reward": 0.21875,
  "mean_group_std": 0.0969306156039238,
  "mean_raw_reward": 0.04296875,
  "mean_response_length": 928.81640625,
  "mean_reward": 0.04296875,
  "num_correct_rollouts": 11,
  "num_rollouts": 256,
  "std_raw_reward": 0.20318390429019928,
  "train_updates": 1
}
