{
  "elapsed_seconds": 2254.499507080007,
  "grpo_step": 40,
  "mean_advantage": 2.7939677238464355e-09,
  "mean_answer_reward": 0.0390625,
  "mean_format_reward": 0.35546875,
  "mean_group_std": 0.0782509297132492,
  "mean_raw_reward": 0.0390625,
  "mean_response_length": 788.64453125,
  "mean_reward": 0.0390625,
  "num_correct_rollouts": 10,
  "num_rollouts": 256,
  "std_raw_reward": 0.19412322342395782,
  "train_updates": 1
}
