{
  "elapsed_seconds": 1142.867229565978,
  "grpo_step": 20,
  "mean_advantage": 6.51925802230835e-09,
  "mean_answer_reward": 0.05078125,
  "mean_format_reward": 0.23046875,
  "mean_group_std": 0.12836876511573792,
  "mean_raw_reward": 0.05078125,
  "mean_response_length": 876.08203125,
  "mean_reward": 0.05078125,
  "num_correct_rollouts": 13,
  "num_rollouts": 256,
  "std_raw_reward": 0.21998077630996704,
  "train_updates": 1
}
