{
  "elapsed_seconds": 2212.711087607022,
  "grpo_step": 39,
  "mean_advantage": 3.725290298461914e-09,
  "mean_answer_reward": 0.06640625,
  "mean_format_reward": 0.234375,
  "mean_group_std": 0.1573006510734558,
  "mean_raw_reward": 0.06640625,
  "mean_response_length": 1006.390625,
  "mean_reward": 0.06640625,
  "num_correct_rollouts": 17,
  "num_rollouts": 256,
  "std_raw_reward": 0.24947862327098846,
  "train_updates": 1
}
