{
  "grpo_step": 39,
  "mean_advantage": 2.7939677238464355e-09,
  "mean_answer_reward": 0.16015625,
  "mean_format_reward": 0.58984375,
  "mean_group_std": 0.25422489643096924,
  "mean_raw_reward": 0.16015625,
  "mean_response_length": 803.859375,
  "mean_reward": 0.16015625,
  "num_correct_rollouts": 41,
  "num_rollouts": 256,
  "std_raw_reward": 0.36746931076049805,
  "train_updates": 1
}
