{
  "elapsed_seconds": 4397.727159784001,
  "grpo_step": 79,
  "mean_advantage": 9.313225746154785e-09,
  "mean_answer_reward": 0.08984375,
  "mean_format_reward": 0.39453125,
  "mean_group_std": 0.19898854196071625,
  "mean_raw_reward": 0.08984375,
  "mean_response_length": 742.3125,
  "mean_reward": 0.08984375,
  "num_correct_rollouts": 23,
  "num_rollouts": 256,
  "std_raw_reward": 0.2865179181098938,
  "train_updates": 1
}
