{
  "grpo_step": 28,
  "mean_advantage": 1.862645149230957e-09,
  "mean_answer_reward": 0.12890625,
  "mean_format_reward": 0.51953125,
  "mean_group_std": 0.20832079648971558,
  "mean_raw_reward": 0.12890625,
  "mean_response_length": 665.98828125,
  "mean_reward": 0.12890625,
  "num_correct_rollouts": 33,
  "num_rollouts": 256,
  "std_raw_reward": 0.33575254678726196,
  "train_updates": 1
}
