{
  "elapsed_seconds": 2053.286565762013,
  "grpo_step": 36,
  "mean_advantage": 0.0,
  "mean_answer_reward": 0.0546875,
  "mean_format_reward": 0.3046875,
  "mean_group_std": 0.10258589684963226,
  "mean_raw_reward": 0.0546875,
  "mean_response_length": 834.98828125,
  "mean_reward": 0.0546875,
  "num_correct_rollouts": 14,
  "num_rollouts": 256,
  "std_raw_reward": 0.22781464457511902,
  "train_updates": 1
}
