{
  "elapsed_seconds": 7626.125610321993,
  "grpo_step": 135,
  "mean_advantage": 2.7939677238464355e-09,
  "mean_answer_reward": 0.03125,
  "mean_format_reward": 0.19921875,
  "mean_group_std": 0.07312605530023575,
  "mean_raw_reward": 0.03125,
  "mean_response_length": 1034.5546875,
  "mean_reward": 0.03125,
  "num_correct_rollouts": 8,
  "num_rollouts": 256,
  "std_raw_reward": 0.17433346807956696,
  "train_updates": 1
}
