{
  "elapsed_seconds": 1135.8695321200066,
  "grpo_step": 20,
  "mean_advantage": 5.587935447692871e-09,
  "mean_answer_reward": 0.06640625,
  "mean_format_reward": 0.30078125,
  "mean_group_std": 0.14795957505702972,
  "mean_raw_reward": 0.06640625,
  "mean_response_length": 902.09375,
  "mean_reward": 0.06640625,
  "num_correct_rollouts": 17,
  "num_rollouts": 256,
  "std_raw_reward": 0.24947862327098846,
  "train_updates": 1
}
