{
  "elapsed_seconds": 8276.417022890004,
  "grpo_step": 146,
  "mean_advantage": 4.6566128730773926e-09,
  "mean_answer_reward": 0.046875,
  "mean_format_reward": 0.23828125,
  "mean_group_std": 0.1173202246427536,
  "mean_raw_reward": 0.046875,
  "mean_response_length": 840.890625,
  "mean_reward": 0.046875,
  "num_correct_rollouts": 12,
  "num_rollouts": 256,
  "std_raw_reward": 0.21178512275218964,
  "train_updates": 1
}
