{
  "elapsed_seconds": 5734.96022509702,
  "grpo_step": 103,
  "mean_advantage": 1.862645149230957e-09,
  "mean_answer_reward": 0.09765625,
  "mean_format_reward": 0.47265625,
  "mean_group_std": 0.2006935477256775,
  "mean_raw_reward": 0.09765625,
  "mean_response_length": 802.56640625,
  "mean_reward": 0.09765625,
  "num_correct_rollouts": 25,
  "num_rollouts": 256,
  "std_raw_reward": 0.29743078351020813,
  "train_updates": 1
}
